date,time,headline_raw
8/7/2026,4:30:15,Nasdaq sinks as AI worries hit chipmakers US STOCKS
8/7/2026,4:00:38,"S&P 500 ends down as AI worries hit chipmakers US STOCKS NASDAQ .IXIC UNOFFICIALLY CLOSES DOWN 317.05 POINTS, OR 1.21 PERCENT, AT 25,804.11"
8/7/2026,4:00:01,"S&P 500 .SPX UNOFFICIALLY CLOSES DOWN 34.50 POINTS, OR 0.46 PERCENT, AT 7,502.93"
8/7/2026,4:00:01,"DOW JONES .DJI UNOFFICIALLY CLOSES DOWN 109.46 POINTS, OR 0.21%, AT 52,946.45"
8/7/2026,4:00:00,"DOW JONES .DJI UNOFFICIALLY CLOSES DOWN 134.26 POINTS, OR 0.25 PERCENT, AT 52,921.65"
8/7/2026,2:30:23,S&P 500 dips as AI worries hit chipmakers US STOCKS
8/7/2026,0:15:47,Nasdaq slides over 1% as chip rout deepens US STOCKS
7/7/2026,22:24:12,"S&P 500 down, Nasdaq slides as AI chip worries persist US STOCKS"
7/7/2026,21:55:47,"U.S. STOCKS EXTEND FALL, NASDAQ -IXIC DOWN 1.00%"
7/7/2026,21:55:47,"U.S. STOCKS EXTEND FALL, NASDAQ -IXIC DOWN 1.00 PCT"
7/7/2026,21:32:24,US STOCKS SNAPSHOT-Nasdagq falls at open as DeepSeek's AI chip push rattles markets
7/7/2026,21:30:30,"NASDAQ .IXIC DOWN 135.92 POINTS, OR 0.52 PERCENT, AT 25,985.24 AFTER MARKET OPEN"
7/7/2026,21:30:30,"DOW JONES .DJI UP 179.82 POINTS, OR 0.34 PERCENT, AT 53,235.73 AFTER MARKET OPEN"
7/7/2026,21:30:30,"S&P 500 .INX DOWN 6.38 POINTS, OR 0.08 %, AT 7,531.05 AFTER MARKET OPEN"
7/7/2026,21:30:30,"S&P 500 .INX DOWN 6.38 POINTS, OR 0.08 PERCENT, AT 7,531.05 AFTER MARKET OPEN"
7/7/2026,20:51:30,Nasdaq set to fall at open as DeepSeek's AI chip push rattles markets US STOCKS
7/7/2026,19:19:48,Nasdaq futures fall after record Samsung profit fails to calm AI chip worries US STOCKS
7/7/2026,17:25:20,Nasdaq futures fall after Samsung's record profit fails to allay chip jitters US STOCKS
7/7/2026,16:00:35,"U.S. S&P 500 E-MINI FUTURES DOWN 0.3%, NASDAQ 100 FUTURES DOWN 1%, DOW FUTURES UP 0.1%"
7/7/2026,4:22:51,"S&P 500, Nasdaq close sharply higher as Broadcom rallies US STOCKS"
7/7/2026,4:00:48,"S&P 500, Nasdaq close sharply higher as Broadcom rallies US STOCKS"
7/7/2026,4:00:00,"DOW JONES .DJI UNOFFICIALLY CLOSES UP 126.18 POINTS, OR 0.24%, AT 53,026.25"
7/7/2026,4:00:00,"S&P 500 .SPX UNOFFICIALLY CLOSES UP 55.08 POINTS, OR 0.74 PERCENT, AT 7,538.32"
7/7/2026,4:00:00,"DOW JONES .DJI UNOFFICIALLY CLOSES UP 139.66 POINTS, OR 0.26 PERCENT, AT 53,039.73"
7/7/2026,4:00:00,"NASDAQ .IXIC UNOFFICIALLY CLOSES UP 293.60 POINTS, OR 1.14 PERCENT, AT 26,126.27"
7/7/2026,2:23:36,Wall Street climbs as Broadcom and other chipmakers rally US STOCKS
7/7/2026,0:38:17,"S&P 500, Nasdaq rise as chips recover, Broadcom gains on Apple deal US STOCKS"
6/7/2026,22:41:50,"S&P 500, Nasdaq gain as chip stocks rebound US STOCKS"
6/7/2026,21:50:52,"U.S. STOCKS EXTEND GAINS, NASDAQ -IXIC UP 1.00%"
6/7/2026,21:50:52,"U.S. STOCKS EXTEND GAINS, NASDAQ -IXIC UP 1.00 PCT"
6/7/2026,21:34:19,US STOCKS SNAPSHOT-Wall St opens higher as chip shares recover
6/7/2026,21:30:30,"NASDAQ .IXIC UP 195.92 POINTS, OR 0.76 PERCENT, AT 26,028.59 AFTER MARKET OPEN"
6/7/2026,21:30:30,"DOW JONES .DJI UP 92.14 POINTS, OR 0.17 PERCENT, AT 52,992.21 AFTER MARKET OPEN"
6/7/2026,21:30:30,"S&P 500 .INX UP 35.53 POINTS, OR 0.47 %, AT 7,518.77 AFTER MARKET OPEN"
6/7/2026,21:30:30,"S&P 500 .INX UP 35.53 POINTS, OR 0.47 PERCENT, AT 7,518.77 AFTER MARKET OPEN S&P 500, Nasdaq set for higher open as chip shares recover US STOCKS"
6/7/2026,19:48:16,"S&P 500, Nasdaq futures rise as chip shares rebound US STOCKS US stock futures up as chip shares recover, oil prices decline US STOCKS"
6/7/2026,16:01:58,"U.S. S&P 500 E-MINI FUTURES UP 0.5%, NASDAQ 100 FUTURES UP 1%, DOW FUTURES UP 0.2%"
3/7/2026,5:21:05,"Dow jumps to record closing high after soft US jobs data, Nasdaq down with chip shares US STOCKS"
3/7/2026,5:00:39,"Dow jumps, posts record closing high after soft US jobs data US STOCKS"
3/7/2026,4:01:03,"UNOFFICIALLY, FOR THE WEEK, THE S&P 500 GAINED 1.75%, THE NASDAQ ROSE 2.12%, AND THE DOW CLIMBED 1.97%"
3/7/2026,4:01:03,"DOW INDUSTRIALS RECORD FOURTH STRAIGHT WEEK OF GAINS, LONGEST STREAK SINCE OCTOBER 2024"
3/7/2026,4:00:56,Nasdaq ends lower with tech; investors assess softer jobs data US STOCKS
3/7/2026,4:00:00,"DOW JONES .DJI UNOFFICIALLY CLOSES UP 584.79 POINTS, OR 1.12 PERCENT, AT 52,890.03"
3/7/2026,4:00:00,"NASDAQ .IXIC UNOFFICIALLY CLOSES DOWN 211.10 POINTS, OR 0.81 PERCENT, AT 25,828.94"
3/7/2026,4:00:00,"DOW JONES .DJI UNOFFICIALLY CLOSES UP 565.44 POINTS, OR 1.08%, AT 52,870.68"
3/7/2026,4:00:00,"S&P 500 .SPX UNOFFICIALLY CLOSES DOWN 0.62 POINTS, OR 0.01 PERCENT, AT 7,482.61"
3/7/2026,3:54:33,"U.S. STOCKS EXTEND GAINS, DOW JONES .DJI UP 1.00%"
3/7/2026,3:54:33,"U.S. STOCKS EXTEND GAINS, DOW JONES .DJI UP 1.00 PCT"
3/7/2026,2:29:27,"Nasdaq, S&P 500 decline with tech; investors assess softer jobs data US STOCKS U.S. STOCKS EXTEND FALL, NASDAQ -IXIC DOWN 1.00%"
3/7/2026,0:23:38,"U.S. STOCKS EXTEND FALL, NASDAQ -IXIC DOWN 1.00 PCT"
3/7/2026,0:16:40,Wall St mixed as investors assess softer jobs data US STOCKS
2/7/2026,22:07:27,Wall St rises as softer jobs data calms rate-hike fears US STOCKS
2/7/2026,21:50:22,CBOE VOLATILITY INDEX HITS OVER TWO-WEEK LOW; LAST DOWN 0.72 POINTS AT 15.87
2/7/2026,21:32:53,US STOCKS SNAPSHOT-Wall St opens higher after June jobs report eases rate- hike bets
2/7/2026,21:30:30,"NASDAQ .IXIC UP 8.44 POINTS, OR 0.03 PERCENT, AT 26,048.47 AFTER MARKET OPEN"
2/7/2026,21:30:30,"DOW JONES .DJI UP 281.70 POINTS, OR 0.54 PERCENT, AT 52,586.94 AFTER MARKET OPEN"
2/7/2026,21:30:30,"S&P 500 .INX UP 19.48 POINTS, OR 0.26 PERCENT, AT 7,502.71 AFTER MARKET OPEN"
2/7/2026,21:30:30,"S&P 500 .INX UP 19.48 POINTS, OR 0.26 %, AT 7,502.71 AFTER MARKET OPEN"
2/7/2026,20:58:59,Wall St set to open higher after June jobs report eases rate hike bets US STOCKS
2/7/2026,20:34:04,US STOCKS SNAPSHOT-US stock futures extend gains after June non-farm payrolls data US STOCK INDEX FUTURES EXTEND GAINS AFTER JUNE JOBS DATA
2/7/2026,20:18:21,"US S&P 500 E-MINI FUTURES UP 0.1%, DOW FUTURES UP 0.1%, NASDAQ 100 FUTURES UP 0.2%"
2/7/2026,19:05:51,"S&P 500 E-MINI FUTURES FLAT, DOW FUTURES UP 0.2%"
2/7/2026,19:05:10,"NASDAQ 100 FUTURES PARE DECLINES, LAST DOWN 0.33%"
2/7/2026,19:03:26,Wall St futures mixed as investors await payrolls data US STOCKS
2/7/2026,17:31:20,Wall St futures muted as investors await payrolls data US STOCKS
2/7/2026,16:01:38,"US S&P 500 E-MINI FUTURES DOWN 0.21%, DOW FUTURES DOWN 0.1%, NASDAQ 100 FUTURES DOWN 0.76%"
2/7/2026,5:28:21,Wall Street ends choppy session lower as tech shares drop US STOCKS
2/7/2026,4:01:52,Wall Street ends lower as tech shares slip US STOCKS
2/7/2026,4:00:01,"DOW JONES .DJI UNOFFICIALLY CLOSES UP 6.33 POINTS, OR 0.01%, AT 52,325.53"
2/7/2026,4:00:00,"S&P 500 .SPX UNOFFICIALLY CLOSES DOWN 12.95 POINTS, OR 0.17 PERCENT, AT 7,486.41"
2/7/2026,4:00:00,"DOW JONES .DJI UNOFFICIALLY CLOSES UP 16.22 POINTS, OR 0.03 PERCENT, AT 52,335.42"
2/7/2026,4:00:00,"NASDAQ .IXIC UNOFFICIALLY CLOSES DOWN 177.62 POINTS, OR 0.68 PERCENT, AT 26,036.10"
2/7/2026,2:43:21,"S&P 500 near flat, Meta shares jump US STOCKS"
2/7/2026,0:18:10,"S&P 500, Dow rise after Warsh says inflation risks have eased US STOCKS"
2/7/2026,0:10:52,"DOW HITS INTRADAY RECORD HIGH, LAST UP 0.7%"
1/7/2026,23:21:52,"DOW JONES UP 0.27%, NASDAQ COMPOSITE FLAT"
1/7/2026,23:21:11,"S&P 500 TURNS POSITIVE, LAST UP 0.21%"
1/7/2026,22:38:35,Wall St dips as US-Iran tensions weigh on sentiment US STOCKS
1/7/2026,22:24:43,"U.S. STOCK INDEXES PARE DECLINES; S&P 500 FLAT, NASDAQ DOWN 0.3%"
1/7/2026,21:56:45,"DOW JONES PARES DECLINES, LAST DOWN 0.1%"
1/7/2026,21:32:04,US STOCKS SNAPSHOT-Wall St slips at open as US-Iran tensions cloud start to second half
1/7/2026,21:30:30,"NASDAQ .IXIC DOWN 178.08 POINTS, OR 0.68 PERCENT, AT 26,035.64 AFTER MARKET OPEN"
1/7/2026,21:30:30,"DOW JONES .DJI DOWN 163.77 POINTS, OR 0.31 PERCENT, AT 52,155.43 AFTER MARKET OPEN"
1/7/2026,21:30:30,"S&P 500 .INX DOWN 32.24 POINTS, OR 0.43 %, AT 7,467.12 AFTER MARKET OPEN"
1/7/2026,21:30:30,"S&P 500 .INX DOWN 32.24 POINTS, OR 0.43 PERCENT, AT 7,467.12 AFTER MARKET OPEN"
1/7/2026,20:40:17,Wall St set to slip as US-Iran tensions cloud start to second half US STOCKS
1/7/2026,19:44:38,Wall St futures slip as US-Iran tensions cloud Middle East peace prospects US STOCKS
1/7/2026,18:02:34,Wall St futures slip as second half of year begins with Mideast worries US STOCKS
1/7/2026,16:01:10,"US S&P 500 E-MINI FUTURES DOWN 0.36%, DOW FUTURES DOWN 0.35%, NASDAQ 100 FUTURES DOWN 0.54%"
1/7/2026,4:54:35,"S&P 500, Nasdaq register best quarter since 2020 despite Iran war US STOCKS"
1/7/2026,4:02:04,DOW NOTCHES RECORD HIGH CLOSE
1/7/2026,4:02:03,"FOR THE MONTH, THE S&P 500 FELL 1.1%, THE DOW ROSE 2.5% AND THE NASDAQ FELL 2.8%"
1/7/2026,4:02:03,"FOR THE QUARTER, THE S&P 500 ROSE 14.9%, THE DOW ROSE 12.9% AND THE NASDAQ ROSE 21.4%"
1/7/2026,4:02:03,S&P 500 AND NASDAQ QUARTERLY GAINS ARE BIGGEST SINCE Q2 2020
1/7/2026,4:00:49,"S&P 500, Nasdaq post best quarter since 2020 despite Iran war US STOCKS"
1/7/2026,4:00:00,"S&P 500 .SPX UNOFFICIALLY CLOSES UP 60.91 POINTS, OR 0.82 PERCENT, AT 7,501.34"
1/7/2026,4:00:00,"NASDAQ .IXIC UNOFFICIALLY CLOSES UP 428.03 POINTS, OR 1.66 PERCENT, AT 26,248.17"
1/7/2026,4:00:00,"DOW JONES .DJI UNOFFICIALLY CLOSES UP 164.45 POINTS, OR 0.32%, AT 52,347.19"
1/7/2026,4:00:00,"DOW JONES .DJI UNOFFICIALLY CLOSES UP 134.31 POINTS, OR 0.26 PERCENT, AT 52,317.05 S&P 500, Nasdaq set for best quarter since 2020 despite Iran war US STOCKS"
1/7/2026,0:36:28,Wall St set for strongest quarter in years as risk appetite holds despite US-Iran war US STOCKS
1/7/2026,0:07:04,CBOE VOLATILITY INDEX FALLS TO ONE- WEEK LOW; DOWN 0.89 POINTS AT 16.76
30/6/2026,22:33:32,Wall St set for strongest quarter in years as risk appetite holds despite US-Iran war US STOCKS
30/6/2026,22:30:12,"U.S. STOCKS EXTEND GAINS, NASDAQ -IXIC UP 1.00%"
30/6/2026,22:30:12,"U.S. STOCKS EXTEND GAINS, NASDAQ -IXIC UP 1.00 PCT"
30/6/2026,21:32:08,US STOCKS SNAPSHOT-Wall St subdued at open on final trading day of strong quarter
30/6/2026,21:30:30,"DOW JONES .DJI UP 65.30 POINTS, OR 0.13 PERCENT, AT 52,248.04 AFTER MARKET OPEN"
30/6/2026,21:30:30,"NASDAQ .IXIC DOWN 11.79 POINTS, OR 0.05 PERCENT, AT 25,808.35 AFTER MARKET OPEN"
30/6/2026,21:30:30,"S&P 500 .INX DOWN 2.39 POINTS, OR 0.03 %, AT 7,438.04 AFTER MARKET OPEN"
30/6/2026,21:30:30,"S&P 500 .INX DOWN 2.39 POINTS, OR 0.03 PERCENT, AT 7,438.04 AFTER MARKET OPEN"
30/6/2026,21:02:23,Wall St set for subdued open on final trading day of strong quarter US STOCKS
30/6/2026,19:55:24,US stock futures tick up as strong quarter nears end US STOCKS
30/6/2026,18:16:50,US stock futures little changed as strong quarter nears end US STOCKS
30/6/2026,16:09:10,"US S&P 500 E-MINI FUTURES UP 0.07%, DOW FUTURES UP 0.04%, NASDAQ 100 FUTURES UP 0.22%"
30/6/2026,5:05:13,"Wall Street ends higher as US, Iran attacks ease; major tech-related shares jump US STOCKS"
30/6/2026,4:02:21,DOW JONES INDUSTRIAL AVERAGE NOTCHES RECORD HIGH CLOSE
30/6/2026,4:00:51,"Wall Street ends higher as US, Iran attacks ease; major tech-related shares jump US STOCKS DOW JONES .DJI UNOFFICIALLY CLOSES UP 285.58 POINTS, OR 0.55%, AT 52,161.69 S&P 500 .SPX UNOFFICIALLY CLOSES UP 87.76 POINTS, OR 1.19 PERCENT, AT 7,441.78"
30/6/2026,4:00:00,"NASDAQ .IXIC UNOFFICIALLY CLOSES UP 506.79 POINTS, OR 2.00 PERCENT, AT 25,804.41"
30/6/2026,4:00:00,"DOW JONES .DJI UNOFFICIALLY CLOSES UP 323.52 POINTS, OR 0.62 PERCENT, AT 52,199.63"
30/6/2026,2:58:46,"Wall Street indexes rise as US, Iran attacks ease; major tech-related shares jump US STOCKS"
30/6/2026,2:45:55,"U.S. STOCKS EXTEND GAINS, NASDAQ -IXIC UP 2.00%"
30/6/2026,2:45:55,"U.S. STOCKS EXTEND GAINS, NASDAQ -IXIC UP 2.00 PCT"
30/6/2026,0:20:09,"Wall St indexes climb as US, Iran halt attacks; Comcast surges on spin-off plan US STOCKS"
29/6/2026,22:26:30,"S&P 500 UP 0.2%, NASDAQ UP 0.3%, DOW UP 0.43%"
29/6/2026,22:26:29,U.S. STOCK INDEXES PARE GAINS
29/6/2026,22:07:15,"Wall St indexes climb as US, Iran halt attacks; Comcast surges on spin-off plan US STOCKS"
29/6/2026,21:45:56,"U.S. STOCKS EXTEND GAINS, S&P 500 «SPX UP 1.00 PCT"
29/6/2026,21:31:56,"US STOCKS SNAPSHOT-Wall Street opens higher as US, Iran halt attacks"
29/6/2026,21:31:24,"U.S. STOCKS EXTEND GAINS, NASDAQ -IXIC UP 1.00%"
29/6/2026,21:31:24,"U.S. STOCKS EXTEND GAINS, NASDAQ -IXIC UP 1.00 PCT"
29/6/2026,21:30:30,"NASDAQ .IXIC UP 187.34 POINTS, OR 0.74 PERCENT, AT 25,484.96 AFTER MARKET OPEN"
29/6/2026,21:30:30,"DOW JONES .DJI UP 151.38 POINTS, OR 0.29 PERCENT, AT 52,027.49 AFTER MARKET OPEN"
29/6/2026,21:30:30,"S&P 500 .INX UP 31.97 POINTS, OR 0.43 PERCENT, AT 7,385.99 AFTER MARKET OPEN"
29/6/2026,21:30:30,"S&P 500 .INX UP 31.97 POINTS, OR 0.43 %, AT 7,385.99 AFTER MARKET OPEN"
29/6/2026,20:42:41,"Wall St set to climb as US, Iran halt attacks; Comcast surges on spin-off plan US STOCKS"
29/6/2026,19:33:25,"Wall St climbs as Mideast tensions ease, Comcast surges on spin-off plan US STOCKS"
29/6/2026,17:40:36,Nasdaq futures lead Wall St higher as Middle East tensions ease US STOCKS
27/6/2026,4:19:53,S&P 500 ends lower; chips tumble and Moderna rallies US STOCKS
27/6/2026,4:15:09,"PHILADELPHIA SE SEMICONDUCTOR INDEX .SOX LOSES 7.9% ON THE WEEK, STEEPEST WEEKLY LOSS SINCE EARLY APRIL (REPEATS TO TRADING SYMBOL) RPT"
27/6/2026,4:09:48,"PHILADELPHIA SE SEMICONDUCTOR INDEX .SOX LOSES 7.9% ON THE WEEK, STEEPEST WEEKLY LOSS SINCE EARLY APRIL"
27/6/2026,4:04:20,"UNOFFICIALLY, FOR THE WEEK, THE S&P 500 FELL 1.96%, THE NASDAQ DECLINED 4.6%, AND THE DOW CLIMBED 0.6%"
27/6/2026,4:01:52,Wall Street ends mixed; chips tumble and Moderna rallies US STOCKS
27/6/2026,4:00:01,"NASDAQ .IXIC UNOFFICIALLY CLOSES DOWN 20.53 POINTS, OR 0.08 PERCENT, AT 25,338.07"
27/6/2026,4:00:00,"DOW JONES .DJI UNOFFICIALLY CLOSES DOWN 13.74 POINTS, OR 0.03%, AT 51,906.88"
27/6/2026,4:00:00,"S&P 500 .SPX UNOFFICIALLY CLOSES UP 1.92 POINTS, OR 0.03 PERCENT, AT 7,359.41"
27/6/2026,4:00:00,"DOW JONES .DJI UNOFFICIALLY CLOSES DOWN 48.08 POINTS, OR 0.09 PERCENT, AT 51,872.54"
27/6/2026,2:33:16,"Wall Street mixed as Moderna rallies and chips tumble US STOCKS S&P 500, Nasdaq set for weekly fall as chip stocks slide US STOCKS"
27/6/2026,0:02:08,"U.S. STOCK INDEXES TURN HIGHER; S&P 500 AND DOW UP 0.3% EACH, NASDAQ UP 0.2%"
26/6/2026,22:19:52,"U.S. STOCK INDEXES CUT LOSSES; S&P 500 DOWN 0.1%, NASDAQ DOWN 0.2%, DOW FLAT"
26/6/2026,21:50:10,"S&P 500, Nasdaq set for sharp weekly fall as chips stocks slide Us STOCKS"
26/6/2026,21:47:59,CBOE VOLATILITY INDEX BRIEFLY HIT OVER TWO-WEEK HIGH; LAST UP 1.42 POINTS AT 20.31 US STOCKS SNAPSHOT-Wall St opens lower as chip stocks resume slide
26/6/2026,21:30:30,"U.S. STOCKS EXTEND FALL, NASDAQ -IXIC DOWN 1.09%"
26/6/2026,21:30:30,"NASDAQ .IXIC DOWN 276.06 POINTS, OR 1.09 PERCENT, AT 25,082.54 AFTER MARKET OPEN"
26/6/2026,21:30:30,"DOW JONES .DJI DOWN 216.38 POINTS, OR 0.42 PERCENT, AT 51,704.24 AFTER MARKET OPEN"
26/6/2026,21:30:30,"S&P 500 .INX DOWN 49.31 POINTS, OR 0.67 %, AT 7,308.18 AFTER MARKET OPEN"
26/6/2026,21:30:30,"S&P 500 .INX DOWN 49.31 POINTS, OR 0.67 PERCENT, AT 7,308.18 AFTER MARKET OPEN"
26/6/2026,21:13:54,Nasdaq set for sharp declines as chips slide again US STOCKS
26/6/2026,19:34:32,Wall St futures fall as chip stocks resume slide after Micron-led rally US STOCKS
26/6/2026,17:41:08,Wall St futures fall as chip stocks resume slide after Micron-led rally US STOCKS
26/6/2026,16:00:19,"U.S. S&P 500 E-MINI FUTURES DOWN 0.2%, NASDAQ 100 FUTURES DOWN 0.7%, DOW FUTURES UP 0.2% NASDAQ .IXIC UNOFFICIALLY CLOSES DOWN 118.03 POINTS, OR 0.46 PERCENT, AT 25,358.60"
26/6/2026,4:53:26,"NASDAQ .IXIC UNOFFICIALLY CLOSES DOWN 118.03 POINTS, OR 0.46 PERCENT, AT 25,358.60"
26/6/2026,4:47:59,"NASDAQ .IXIC UNOFFICIALLY CLOSES DOWN 118.03 POINTS, OR 0.46 PERCENT, AT 25,358.60"
26/6/2026,4:42:41,"NASDAQ .IXIC UNOFFICIALLY CLOSES DOWN 118.03 POINTS, OR 0.46 PERCENT, AT 25,358.60"
26/6/2026,4:37:23,"NASDAQ .IXIC UNOFFICIALLY CLOSES DOWN 118.03 POINTS, OR 0.46 PERCENT, AT 25,358.60"
26/6/2026,4:32:11,"NASDAQ .IXIC UNOFFICIALLY CLOSES DOWN 118.03 POINTS, OR 0.46 PERCENT, AT 25,358.60"
26/6/2026,4:27:15,Wall St ends mixed as tech megacap declines outweigh upbeat chip outlook US STOCKS
26/6/2026,4:27:03,"NASDAQ .IXIC UNOFFICIALLY CLOSES DOWN 118.03 POINTS, OR 0.46 PERCENT, AT 25,358.60"
26/6/2026,4:21:34,"NASDAQ .IXIC UNOFFICIALLY CLOSES DOWN 118.03 POINTS, OR 0.46 PERCENT, AT 25,358.60"
26/6/2026,4:11:56,"NASDAQ .IXIC UNOFFICIALLY CLOSES DOWN 118.03 POINTS, OR 0.46 PERCENT, AT 25,358.60"
26/6/2026,4:06:45,"NASDAQ .IXIC UNOFFICIALLY CLOSES DOWN 118.03 POINTS, OR 0.46 PERCENT, AT 25,358.60"
26/6/2026,4:01:07,"NASDAQ .IXIC UNOFFICIALLY CLOSES DOWN 118.03 POINTS, OR 0.46 PERCENT, AT 25,358.60"
26/6/2026,4:00:42,"Nasdaq, S&P end lower as tech megacap declines outweigh upbeat chip outlook US STOCKS"
26/6/2026,4:00:01,"NASDAQ .IXIC UNOFFICIALLY CLOSES DOWN 163.89 POINTS, OR 0.64 PERCENT, AT 25,312.74"
26/6/2026,4:00:00,"DOW JONES .DJI UNOFFICIALLY CLOSES UP 21.33 POINTS, OR 0.04%, AT 51,870.23 Nasdaq drops as tech megacap declines outweigh upbeat chip outlook US STOCKS"
26/6/2026,0:31:06,Nasdaq drops as tech megacap declines outweigh upbeat chip outlook US STOCKS
25/6/2026,22:14:50,"DOW HITS INTRADAY HIGH, LAST UP 1.1%"
25/6/2026,22:10:26,"S&P 500, Nasdaq drop as tech megacap declines outweigh upbeat Micron forecast US STOCKS"
25/6/2026,22:09:41,"U.S. STOCKS EXTEND GAINS, DOW JONES .DJI UP 1.00 PCT"
25/6/2026,21:57:59,"S&P 500 REVERSES EARLY GAINS, LAST DOWN 0.40%"
25/6/2026,21:53:56,"U.S. STOCKS EXTEND FALL, NASDAQ -IXIC DOWN 1.00%"
25/6/2026,21:53:56,"U.S. STOCKS EXTEND FALL, NASDAQ -IXIC DOWN 1.00 PCT"
25/6/2026,21:48:44,"NASDAQ TURNS NEGATIVE, LAST DOWN 0.73%"
25/6/2026,21:32:26,"US STOCKS SNAPSHOT-Wall St opens higher after Micron revives AI optimism, upbeat economic data"
25/6/2026,21:30:30,"NASDAQ .IXIC UP 234.68 POINTS, OR 0.92 PERCENT, AT 25,711.32 AFTER MARKET OPEN"
25/6/2026,21:30:30,"S&P 500 .INX UP 57.40 POINTS, OR 0.78 PERCENT, AT 7,415.62 AFTER MARKET OPEN"
25/6/2026,21:30:30,"DOW JONES .DJI UP 327.07 POINTS, OR 0.63 PERCENT, AT 52,175.97 AFTER MARKET OPEN"
25/6/2026,21:30:30,"S&P 500 .INX UP 57.40 POINTS, OR 0.78 %, AT 7,415.62 AFTER MARKET OPEN"
25/6/2026,21:15:38,"Wall St set for higher open after Micron revives AI optimism, upbeat economic data US STOCKS"
25/6/2026,20:36:34,US STOCKS SNAPSHOT-Wall St futures extend gains after May inflation data
25/6/2026,20:30:40,U.S. STOCK FUTURES EXTEND GAINS AFTER MAY PCE DATA
25/6/2026,19:31:13,Nasdaq futures surge 2% as chip outlook calms AI jitters; inflation data awaited US STOCKS
25/6/2026,17:16:05,"Nasdaq futures jump 2% as Micron, Qualcomm forecasts ease AI concerns; PCE data awaited US STOCKS"
25/6/2026,16:00:51,"U.S. S&P 500 E-MINI FUTURES UP 0.78%, NASDAQ 100 FUTURES GAIN 2.24%, DOW FUTURES ADD 0.11%"
25/6/2026,15:28:03,"Nasdaq futures jump 2% as Micron, Qualcomm forecasts relieve investors US STOCKS"
25/6/2026,13:43:02,"U.S. S&P 500 E-MINI FUTURES UP 0.6%, NASDAQ 100 FUTURES UP 2%, DOW FUTURES FLAT Nasdaq, S&P end lower as tech stocks fall US STOCKS"
25/6/2026,4:00:01,"DOW JONES .DJI UNOFFICIALLY CLOSES UP 177.22 POINTS, OR 0.34 PERCENT, AT 51,844.06"
25/6/2026,4:00:00,"S&P 500 .SPX UNOFFICIALLY CLOSES DOWN 10.09 POINTS, OR 0.14 PERCENT, AT 7,355.37"
25/6/2026,4:00:00,"DOW JONES .DJI UNOFFICIALLY CLOSES UP 172.17 POINTS, OR 0.33%, AT 51,839.01"
25/6/2026,4:00:00,"NASDAQ .IXIC UNOFFICIALLY CLOSES DOWN 150.88 POINTS, OR 0.59 PERCENT, AT 25,436.16"
25/6/2026,2:33:38,"Nasdaq, S&P dip, trading choppy as tech stocks fall US STOCKS"
25/6/2026,1:20:55,"NASDAQ TURNS NEGATIVE, LAST DOWN 0.24%"
25/6/2026,0:05:11,Wall St rebounds with broad gains as oil slides sharply US STOCKS
24/6/2026,23:21:30,"U.S. STOCKS EXTEND GAINS, DOW JONES .DJI UP 1.00%"
24/6/2026,23:21:30,"U.S. STOCKS EXTEND GAINS, DOW JONES .DJI UP 1.00 PCT"
24/6/2026,22:04:20,"S&P 500, Nasdaq rise in choppy trading as tech steadies, Micron results in focus US STOCKS"
24/6/2026,21:33:51,"US STOCKS SNAPSHOT-Wall St subdued as tech steadies, Micron earnings in focus"
24/6/2026,21:30:30,"NASDAQ .IXIC UP 10.86 POINTS, OR 0.04 PERCENT, AT 25,597.90 AFTER MARKET OPEN"
24/6/2026,21:30:30,"DOW JONES .DJI DOWN 30.69 POINTS, OR 0.06 PERCENT, AT 51,636.15 AFTER MARKET OPEN"
24/6/2026,21:30:30,"S&P 500 .INX UP 6.94 POINTS, OR 0.09 PERCENT, AT 7,372.40 AFTER MARKET OPEN S&P 500 .INX UP 6.94 POINTS, OR 0.09 %, AT 7,372.40 AFTER MARKET OPEN"
24/6/2026,20:40:29,"Wall St set to open higher as tech rebounds, Micron earnings eyed US STOCKS"
24/6/2026,18:54:14,"S&P 500, Nasdaq futures tick up as tech steadies, Micron earnings eyed US STOCKS"
24/6/2026,17:11:59,"S&P 500, Nasdaq futures tick up as tech shares stabilize US STOCKS"
24/6/2026,16:00:50,"U.S. S&P 500 E-MINI FUTURES FLAT, NASDAQ 100 FUTURES ADD 0.36%, DOW FUTURES DOWN 0.18%"
24/6/2026,4:38:33,Wall Street ends lower on semiconductor selloff as AI spending concerns mount US STOCKS
24/6/2026,4:00:56,"S&P, Nasdaq end lower on semiconductor selloff as AI spending concerns mount US STOCKS"
24/6/2026,4:00:00,"S&P 500 .SPX UNOFFICIALLY CLOSES DOWN 99.41 POINTS, OR 1.33 PERCENT, AT 7,373.38"
24/6/2026,4:00:00,"NASDAQ .IXIC UNOFFICIALLY CLOSES DOWN 546.33 POINTS, OR 2.09 PERCENT, AT 25,620.27"
24/6/2026,4:00:00,"DOW JONES .DJI UNOFFICIALLY CLOSES UP 20.38 POINTS, OR 0.04%, AT 51,733.09"
24/6/2026,4:00:00,"DOW JONES .DJI UNOFFICIALLY CLOSES UP 6.93 POINTS, OR 0.01 PERCENT, AT 51,719.64"
24/6/2026,2:53:02,"S&P, Nasdaq drop on semiconductor selloff as AI spending concerns mount US STOCKS"
24/6/2026,0:02:31,"RTRS: S&P, NASDAQ DROP ON TECH SELLOFF AS CONCERNS ABOUT HAWKISH FED, AI SPENDING MOUNT"
23/6/2026,22:20:34,U.S. STOCKS PARE DECLINES
23/6/2026,22:20:34,"S&P 500 DOWN 0.7%, NASDAQ DOWN 1.2%"
23/6/2026,22:20:03,"DOW TURNS POSITIVE, LAST UP 0.1%"
23/6/2026,21:51:07,"Wall St tumbles on tech selloff as concerns about hawkish Fed, AI spending mount US STOCKS"
23/6/2026,21:35:19,RUSSELL 2000 INDEX DOWN 1.6%
23/6/2026,21:33:42,"US STOCKS SNAPSHOT-Wall St falls at open on tech selloff as concerns about hawkish Fed, AI spending mount"
23/6/2026,21:30:30,"U.S. STOCKS EXTEND FALL, S&P 500 -SPX DOWN 1.61%"
23/6/2026,21:30:30,"NASDAQ .IXIC DOWN 623.90 POINTS, OR 2.38 PERCENT, AT 25,542.70 AFTER MARKET OPEN"
23/6/2026,21:30:30,"DOW JONES .DJI DOWN 358.17 POINTS, OR 0.69 PERCENT, AT 51,354.54 AFTER MARKET OPEN"
23/6/2026,21:30:30,"S&P 500 .INX DOWN 120.18 POINTS, OR 1.61 %, AT 7,352.61 AFTER MARKET OPEN"
23/6/2026,21:30:30,"S&P 500 .INX DOWN 120.18 POINTS, OR 1.61 PERCENT, AT 7,352.61 AFTER MARKET OPEN"
23/6/2026,21:12:55,"NASDAQ 100 FUTURES EXTEND LOSSES, LAST DOWN 3.1%"
23/6/2026,21:08:31,"US futures fall on tech selloff as concerns about hawkish Fed, AI spending mount US STOCKS"
23/6/2026,19:22:00,"Nasdaq futures drop over 2% on concerns over AI buildout costs, Fed rate outlook US STOCKS"
23/6/2026,17:07:03,"Nasdaq futures drop over 2% as AI buildout costs, Fed rate outlook weigh US STOCKS"
23/6/2026,16:04:19,RUSSELL 2000 FUTURES DOWN 1.7%
23/6/2026,16:04:04,CBOE VOLATILITY INDEX HITS OVER ONE-WEEK HIGH; LAST UP 3.03 POINTS AT 20.31
23/6/2026,16:01:47,"U.S. S&P 500 E-MINI FUTURES DOWN 1.48%, NASDAQ 100 FUTURES DOWN 2.5%, DOW FUTURES DOWN 0.8%"
23/6/2026,15:59:33,"Nasdaq futures fall 2% on tech worries, Fed hike bets US STOCKS"
23/6/2026,14:11:07,"U.S. S&P 500 E-MINI FUTURES DOWN 1%, NASDAQ 100 FUTURES DOWN 1.9%, DOW FUTURES DOWN 0.3%"
23/6/2026,4:35:46,"S&P 500, Nasdaq close lower, dragged by Alphabet and megacap tech; focus on Iran US STOCKS"
23/6/2026,4:00:37,"S&P 500, Nasdaq close lower, dragged by Alphabet and megacap tech; focus on Iran US STOCKS"
23/6/2026,4:00:00,"S&P 500 .SPX UNOFFICIALLY CLOSES DOWN 28.47 POINTS, OR 0.38 PERCENT, AT 7,472.11"
23/6/2026,4:00:00,"DOW JONES .DJI UNOFFICIALLY CLOSES UP 144.62 POINTS, OR 0.28%, AT 51,709.32"
23/6/2026,4:00:00,"DOW JONES .DJI UNOFFICIALLY CLOSES UP 147.09 POINTS, OR 0.29 PERCENT, AT 51,711.79"
23/6/2026,4:00:00,"NASDAQ .IXIC UNOFFICIALLY CLOSES DOWN 356.62 POINTS, OR 1.35 PERCENT, AT 26,161.31"
23/6/2026,2:36:51,"S&P 500, Nasdaq fall, dragged by Alphabet and megacap tech; focus on Iran US STOCKS"
23/6/2026,0:40:35,"S&P 500, Nasdaq fall as megacap tech drags; Iran developments watched US STOCKS"
22/6/2026,22:54:04,"S&P 500 TURNS NEGATIVE, LAST DOWN 0.4%"
22/6/2026,22:43:46,"U.S. STOCKS EXTEND FALL, NASDAQ -IXIC DOWN 1.00%"
22/6/2026,22:43:46,"U.S. STOCKS EXTEND FALL, NASDAQ -IXIC DOWN 1.00 PCT"
22/6/2026,22:17:53,"S&P 500, Dow tick higher as investors weigh Mideast negotiations US STOCKS"
22/6/2026,21:34:39,US STOCKS SNAPSHOT-Wall St subdued at open as investors weigh US-Iran negotiations
22/6/2026,21:30:30,"NASDAQ .IXIC DOWN 34.64 POINTS, OR 0.13 PERCENT, AT 26,483.29 AFTER MARKET OPEN"
22/6/2026,21:30:30,"DOW JONES .DJI UP 152.24 POINTS, OR 0.30 PERCENT, AT 51,716.94 AFTER MARKET OPEN"
22/6/2026,21:30:30,"S&P 500 .INX UP 9.10 POINTS, OR 0.12 %, AT 7,509.68 AFTER MARKET OPEN"
22/6/2026,21:30:30,"S&P 500 .INX UP 9.10 POINTS, OR 0.12 PERCENT, AT 7,509.68 AFTER MARKET OPEN"
22/6/2026,20:52:47,Wall St set for higher open as investors weigh Mideast negotiations US STOCKS
22/6/2026,19:35:04,Wall St futures muted as investors monitor US-Iran negotiations US STOCKS
22/6/2026,17:15:16,Wall St futures muted as investors monitor US-Iran negotiations US STOCKS
22/6/2026,16:00:39,"U.S. S&P 500 E-MINI FUTURES DOWN 0.1%, NASDAQ 100 FUTURES UP 0.1%, DOW FUTURES DOWN 0.1%"
19/6/2026,4:52:29,"Wall St indexes advance with boost from chips, Iran optimism Us STOCKS"
19/6/2026,4:02:29,"FOR THE WEEK, THE S&P 500 ROSE 0.9%, THE DOW ROSE 0.7% AND THE NASDAQ ROSE 2.4%"
19/6/2026,4:00:45,"Wall St indexes advance with boost from chips, Iran optimism US STOCKS"
19/6/2026,4:00:01,"NASDAQ .IXIC UNOFFICIALLY CLOSES UP 524.98 POINTS, OR 2.02 PERCENT, AT 26,546.63"
19/6/2026,4:00:00,"DOW JONES .DJI UNOFFICIALLY CLOSES UP 140.12 POINTS, OR 0.27%, AT 51,632.67"
19/6/2026,4:00:00,"S&P 500 .SPX UNOFFICIALLY CLOSES UP 85.85 POINTS, OR 1.16 PERCENT, AT 7,505.95"
19/6/2026,3:50:57,"U.S. STOCKS EXTEND GAINS, NASDAQ -IXIC UP 2.00% U.S. STOCKS EXTEND GAINS, NASDAQ -IXIC UP 2.00 PCT Wall St indexes advance with boost from chips, falling oil prices US STOCKS"
18/6/2026,23:41:09,Wall St advances as Iran deal optimism offsets hawkish Fed; Intel jumps US STOCKS
18/6/2026,21:58:01,Wall St advances as Iran deal optimism offsets hawkish Fed; Intel soars US STOCKS
18/6/2026,21:44:54,"S&P 500 SOFTWARE SECTOR AT AN OVER TWO-MONTH LOW, LAST DOWN 2.1%"
18/6/2026,21:32:49,US STOCKS SNAPSHOT-Wall St opens higher as Iran deal optimism offsets hawkish Fed
18/6/2026,21:30:30,"U.S. STOCKS EXTEND GAINS, S&P 500 «SPX UP 1.20%"
18/6/2026,21:30:30,"NASDAQ .IXIC UP 407.09 POINTS, OR 1.56 PERCENT, AT 26,428.75 AFTER MARKET OPEN"
18/6/2026,21:30:30,"DOW JONES .DJI UP 407.83 POINTS, OR 0.79 PERCENT, AT 51,900.38 AFTER MARKET OPEN"
18/6/2026,21:30:30,"S&P 500 .INX UP 89.13 POINTS, OR 1.20 %, AT 7,509.23 AFTER MARKET OPEN"
18/6/2026,21:30:30,"S&P 500 .INX UP 89.13 POINTS, OR 1.20 PERCENT, AT 7,509.23 AFTER MARKET OPEN"
18/6/2026,21:00:21,Wall St set to rise as Iran deal optimism offsets hawkish Fed; Intel up US STOCKS
18/6/2026,20:32:36,U.S. STOCK FUTURES LITTLE CHANGED AFTER WEEKLY JOBLESS CLAIMS DATA
18/6/2026,19:30:35,Wall St futures rebound as Iran deal optimism offsets hawkish Fed; Intel up US STOCKS
18/6/2026,16:00:42,"U.S. S&P 500 E-MINI FUTURES ADD 0.9%, NASDAQ 100 FUTURES RISE 1.47%, DOW FUTURES UP 0.56%"
18/6/2026,5:00:48,Wall Street sinks on bets Fed will hike rates this year US STOCKS
18/6/2026,4:00:39,Wall Street closes lower on Fed rate hike bets US STOCKS
18/6/2026,4:00:00,"DOW JONES .DJI UNOFFICIALLY CLOSES DOWN 511.34 POINTS, OR 0.98%, AT 51,488.33"
18/6/2026,4:00:01,"NASDAQ .IXIC UNOFFICIALLY CLOSES DOWN 352.68 POINTS, OR 1.34 PERCENT, AT 26,023.66"
18/6/2026,4:00:00,"DOW JONES .DJI UNOFFICIALLY CLOSES DOWN 530.60 POINTS, OR 1.02 PERCENT, AT 51,469.07"
18/6/2026,4:00:00,"S&P 500 .SPX UNOFFICIALLY CLOSES DOWN 93.65 POINTS, OR 1.25 PERCENT, AT 7,417.70"
18/6/2026,3:33:44,"U.S. STOCKS EXTEND FALL, DOW JONES -DJI DOWN 1.00 PCT"
18/6/2026,3:21:31,"U.S. STOCKS EXTEND FALL, NASDAQ -IXIC DOWN 1.00 PCT"
18/6/2026,3:21:23,"U.S. STOCKS EXTEND FALL, S&P 500 «SPX DOWN 1.00%"
18/6/2026,3:21:23,"U.S. STOCKS EXTEND FALL, S&P 500 «SPX DOWN 1.00 PCT"
18/6/2026,2:35:50,Wall Street loses ground slightly after first Fed statement under Warsh US STOCKS U.S. STOCKS LOSE GROUND AFTER FEDERAL RESERVE STATEMENT; S&P 500 LAST DOWN 0.3%
18/6/2026,0:26:41,Wall Street wavers ahead of first Fed policy decision under Warsh US STOCKS
18/6/2026,0:12:31,RUSSELL 2000 INDEX RISES 1.2%
17/6/2026,21:54:53,Wall Street ticks up ahead of first Fed policy decision under Warsh US STOCKS
17/6/2026,21:32:24,"US STOCKS SNAPSHOT-US stocks open higher, spotlight on Fed"
17/6/2026,21:30:30,"NASDAQ .IXIC UP 115.00 POINTS, OR 0.44 PERCENT, AT 26,491.35 AFTER MARKET OPEN"
17/6/2026,21:30:30,"DOW JONES .DJI UP 16.03 POINTS, OR 0.03 PERCENT, AT 52,015.70 AFTER MARKET OPEN"
17/6/2026,21:30:30,"S&P 500 .INX UP 8.29 POINTS, OR 0.11 %, AT 7,519.64 AFTER MARKET OPEN"
17/6/2026,21:30:30,"S&P 500 .INX UP 8.29 POINTS, OR 0.11 PERCENT, AT 7,519.64 AFTER MARKET OPEN"
17/6/2026,21:20:38,"S&P, Nasdaq set to rise ahead of first Fed policy decision under Warsh US STOCKS"
17/6/2026,20:30:44,U.S. STOCK FUTURES LITTLE CHANGED AFTER MAY RETAIL SALES DATA
17/6/2026,19:18:14,"S&P, Nasdaq futures inch up ahead of Warsh's debut meeting US STOCKS S&P, Nasdaq futures inch up ahead of Warsh's debut US STOCKS"
17/6/2026,16:00:29,"S&P 500 E-MINI FUTURES UP 0.27%, NASDAQ 100 FUTURES UP 0.84%, DOW FUTURES FLAT"
17/6/2026,4:50:39,Nasdaq and S&P 500 slip while Dow hits record close US STOCKS
17/6/2026,4:00:44,Nasdaq and S&P 500 slip while Dow hits record high US STOCKS
17/6/2026,4:00:00,"NASDAQ .IXIC UNOFFICIALLY CLOSES DOWN 293.61 POINTS, OR 1.10 PERCENT, AT 26,390.33"
17/6/2026,4:00:00,"DOW JONES .DJI UNOFFICIALLY CLOSES UP 323.45 POINTS, OR 0.63 PERCENT, AT 51,994.48"
17/6/2026,4:00:00,"S&P 500 .SPX UNOFFICIALLY CLOSES DOWN 42.83 POINTS, OR 0.57 PERCENT, AT 7,511.46"
17/6/2026,4:00:00,"DOW JONES .DJI UNOFFICIALLY CLOSES UP 345.12 POINTS, OR 0.67%, AT 52,016.15"
17/6/2026,3:16:11,"U.S. STOCKS EXTEND FALL, NASDAQ -IXIC DOWN 1.00%"
17/6/2026,3:16:11,"U.S. STOCKS EXTEND FALL, NASDAQ -IXIC DOWN 1.00 PCT"
17/6/2026,2:55:06,"Nasdaq, S&P 500 slip while Dow hits record high Us STOCKS"
17/6/2026,1:44:59,"S&P 500, NASDAQ EXTEND LOSSES; S&P DOWN 0.3%, NASDAQ SHEDS 0.7%"
17/6/2026,0:47:57,Dow hits record high as oil slides; SpaceX soars US STOCKS
17/6/2026,0:13:39,"U.S. STOCKS EXTEND GAINS, DOW JONES .DJI UP 1.00%"
17/6/2026,0:13:39,"U.S. STOCKS EXTEND GAINS, DOW JONES .DJI UP 1.00 PCT"
16/6/2026,23:03:18,CBOE VOLATILITY INDEX AT OVER ONE- WEEK LOW; LAST DOWN 0.27 POINTS AT 15.93
16/6/2026,22:10:37,Dow hits record high as oil slides; SpaceX soars US STOCKS
16/6/2026,21:35:53,US STOCKS SNAPSHOT-Dow touches record high as oil slides further
16/6/2026,21:30:30,"NASDAQ .IXIC DOWN 34.16 POINTS, OR 0.13 PERCENT, AT 26,649.78 AFTER MARKET OPEN"
16/6/2026,21:30:30,"DOW JONES .DJI UP 219.95 POINTS, OR 0.43 PERCENT, AT 51,890.98 AFTER MARKET OPEN"
16/6/2026,21:30:30,"S&P 500 .INX DOWN 2.39 POINTS, OR 0.03 PERCENT, AT 7,551.90 AFTER MARKET OPEN"
16/6/2026,21:30:30,"S&P 500 .INX DOWN 2.39 POINTS, OR 0.03 %, AT 7,551.90 AFTER MARKET OPEN"
16/6/2026,21:12:16,Wall St set for subdued open ahead of Fed decision US STOCKS
16/6/2026,19:33:04,"Nasdaq, Dow futures inch up with focus on Fed; SpaceX jumps for third day US STOCKS"
16/6/2026,18:30:17,"Wall Street futures subdued as focus shifts to Fed, SpaceX jumps for third day US STOCKS"
16/6/2026,16:00:50,"S&P 500 E-MINI FUTURES FLAT, NASDAQ 100 FUTURES DOWN 0.1%, DOW FUTURES UP 0.2%"
16/6/2026,4:40:44,"Wall Street rallies, Dow ends with record on US-Iran deal, oil price slide Us STOCKS"
16/6/2026,4:02:09,UNOFFICIALLY THE DOW REGISTERS RECORD-HIGH CLOSE
16/6/2026,4:00:44,"Wall Street rallies, Dow ends with record on US-Iran deal, oil price slide US STOCKS"
16/6/2026,4:00:01,"NASDAQ .IXIC UNOFFICIALLY CLOSES UP 763.84 POINTS, OR 2.95 PERCENT, AT 26,652.68"
16/6/2026,4:00:00,"S&P 500 .SPX UNOFFICIALLY CLOSES UP 119.08 POINTS, OR 1.60 PERCENT, AT 7,550.54"
16/6/2026,4:00:01,"DOW JONES .DJI UNOFFICIALLY CLOSES UP 448.18 POINTS, OR 0.88%, AT 51,650.44"
16/6/2026,4:00:00,"DOW JONES .DJI UNOFFICIALLY CLOSES UP 481.85 POINTS, OR 0.94 PERCENT, AT 51,684.11"
16/6/2026,2:47:49,"Dow hits record high on US-Iran deal optimism, oil prices slide US STOCKS"
15/6/2026,23:54:12,"U.S. STOCKS EXTEND GAINS, NASDAQ -IXIC UP 3.00 PCT Dow hits record high on US-Iran deal optimism, oil prices slide US STOCKS"
15/6/2026,22:18:11,"Dow hits record high on Iran deal optimism, lower oil prices US STOCKS"
15/6/2026,21:47:43,"RUSSELL 2000 INDEX HITS RECORD HIGH, LAST UP 1.5%"
15/6/2026,21:42:14,"DOW JONES HITS INTRADAY RECORD HIGH, LAST UP 1.1%"
15/6/2026,21:33:22,US STOCKS SNAPSHOT-Wall St gains as markets welcome Iran deal
15/6/2026,21:30:30,"U.S. STOCKS EXTEND GAINS, NASDAQ -IXIC UP 2.16%"
15/6/2026,21:30:30,"NASDAQ .IXIC UP 563.71 POINTS, OR 2.18 PERCENT, AT 26,452.56 AFTER MARKET OPEN"
15/6/2026,21:30:30,"DOW JONES .DJI UP 598.43 POINTS, OR 1.17 PERCENT, AT 51,800.69 AFTER MARKET OPEN"
15/6/2026,21:30:30,"S&P 500 .INX UP 99.46 POINTS, OR 1.34 PERCENT, AT 7,530.92 AFTER MARKET OPEN S&P 500 .INX UP 99.46 POINTS, OR 1.34 %, AT 7,530.92 AFTER MARKET OPEN"
15/6/2026,20:51:20,"Wall St set for higher open on Iran deal optimism, lower oil prices US STOCKS"
15/6/2026,19:25:20,US stock futures rise on Iran deal optimism; oil tumbles US STOCKS
15/6/2026,17:34:44,US stock futures rise as markets cheer Iran deal US STOCKS
15/6/2026,16:22:21,Wall St. futures advance over 1% as markets cheer Iran deal US STOCKS
15/6/2026,16:02:34,"CBOE VOLATILITY INDEX FALLS TO OVER ONE-WEEK LOW, LAST DOWN 0.89 POINTS AT 16.79"
15/6/2026,13:59:24,"RUSSELL 2000 FUTURES UP 1.7% U.S. S&P 500 E-MINI FUTURES UP 1.3%, NASDAQ 100 FUTURES UP 1.9%, DOW FUTURES UP 1% Wall Street ends higher as SpaceX's market debut dominates US STOCKS"
13/6/2026,4:00:44,"Wall Street ends up on Iran war peace deal hopes, SpaceX's historic debut US STOCKS"
13/6/2026,4:00:37,"UNOFFICIALLY, FOR THE WEEK, THE S&P 500 GAINED 0.65%, THE NASDAQ ROSE 0.7%, AND THE DOW CLIMBED 0.66%"
13/6/2026,4:00:00,"NASDAQ .IXIC UNOFFICIALLY CLOSES UP 76.49 POINTS, OR 0.30 PERCENT, AT 25,886.15"
13/6/2026,4:00:00,"DOW JONES .DJI UNOFFICIALLY CLOSES UP 333.30 POINTS, OR 0.66 PERCENT, AT 51,182.05"
13/6/2026,4:00:00,"S&P 500 .SPX UNOFFICIALLY CLOSES UP 33.89 POINTS, OR 0.46 PERCENT, AT 7,428.19"
13/6/2026,4:00:00,"DOW JONES .DJI UNOFFICIALLY CLOSES UP 337.75 POINTS, OR 0.66%, AT 51,186.50"
13/6/2026,2:58:16,"Wall Street rises on Iran war peace deal hopes, SpaceX's historic debut US STOCKS"
13/6/2026,0:46:22,"S&P 500, Dow rise on Mideast deal hopes, SpaceX's historic debut US STOCKS"
13/6/2026,0:36:02,"NASDAQ TURNS POSITIVE, LAST UP 0.2%"
13/6/2026,0:08:50,"NASDAQ EXTENDS DECLINES, LAST DOWN 0.3%"
12/6/2026,23:52:10,"NASDAQ PARES GAINS, LAST DOWN 0.1%"
12/6/2026,23:01:50,"S&P 500 volatile in choppy trading; Mideast deal, SpaceX debut in focus US STOCKS"
12/6/2026,23:00:40,"U.S. STOCKS EXTEND GAINS, DOW JONES .DJI UP 1.01%"
12/6/2026,23:00:40,"U.S. STOCKS EXTEND GAINS, DOW JONES .DJI UP 1.01 PCT"
12/6/2026,22:42:13,"S&P 500 UP 0.2%, DOW UP 0.5%; NASDAQ FLAT"
12/6/2026,22:03:40,"S&P 500, NASDAQ PARE LOSSES AFTER UMICH CONSUMER SENTIMENT DATA; S&P 500 FLAT, NASDAQ DOWN 0.3%"
12/6/2026,21:49:40,"NASDAQ EXTENDS LOSSES, LAST DOWN 0.7%; S&P 500 DOWN 0.3%"
12/6/2026,21:46:45,"S&P, Dow edge higher on Mideast deal hopes; SpaceX debut in focus US STOCKS"
12/6/2026,21:32:45,"US STOCKS SNAPSHOT-S&P, Dow open higher on Mideast deal hopes; SpaceX debut in focus"
12/6/2026,21:30:30,"NASDAQ .IXIC DOWN 8.44 POINTS, OR 0.03 PERCENT, AT 25,801.22 AFTER MARKET OPEN"
12/6/2026,21:30:30,"S&P 500 .INX UP 12.98 POINTS, OR 0.18 PERCENT, AT 7,407.28 AFTER MARKET OPEN"
12/6/2026,21:30:30,"DOW JONES .DJI UP 316.33 POINTS, OR 0.62 PERCENT, AT 51,165.08 AFTER MARKET OPEN"
12/6/2026,21:30:30,"S&P 500 .INX UP 12.98 POINTS, OR 0.18 %, AT 7,407.28 AFTER MARKET OPEN"
12/6/2026,21:02:56,"NASDAQ FUTURES DOWN 0.3%, S&P 500 FUTURES FLAT, DOW FUTURES UP 0.3%"
12/6/2026,20:47:56,Wall St to open higher on Mideast deal hopes; SpaceX debut in focus US STOCKS
12/6/2026,19:32:07,Wall St futures rise on Mideast deal optimism; SpaceX debut in focus US STOCKS
12/6/2026,18:33:22,Wall St futures rise on Mideast deal hopes; SpaceX debut in focus US STOCKS
12/6/2026,17:35:40,RUSSELL 2000 FUTURES UP 1%
12/6/2026,16:01:37,"U.S. S&P 500 E-MINI FUTURES FLAT, NASDAQ 100 FUTURES DOWN 0.1%, DOW FUTURES UP 0.2%"
12/6/2026,5:16:20,"Wall Street indexes jump, Trump says strikes against Iran canceled US STOCKS"
12/6/2026,4:01:57,"PHLX CHIP INDEX SOARS 7.9%, BIGGEST DAILY GAIN SINCE APRIL 2025"
12/6/2026,4:00:28,Wall Street indexes jump; Trump says strikes against Iran canceled US STOCKS
12/6/2026,4:00:00,"DOW JONES .DJI UNOFFICIALLY CLOSES UP 924.09 POINTS, OR 1.85 PERCENT, AT 50,842.87"
12/6/2026,4:00:00,"NASDAQ .IXIC UNOFFICIALLY CLOSES UP 651.34 POINTS, OR 2.59 PERCENT, AT 25,820.84"
12/6/2026,4:00:00,"DOW JONES .DJI UNOFFICIALLY CLOSES UP 950.34 POINTS, OR 1.90%, AT 50,869.12"
12/6/2026,4:00:00,"S&P 500 .SPX UNOFFICIALLY CLOSES UP 128.78 POINTS, OR 1.77 PERCENT, AT 7,395.77"
12/6/2026,2:34:34,Wall Street indexes jump as Trump says strikes against Iran canceled US STOCKS
12/6/2026,1:44:37,"U.S. STOCKS EXTEND GAINS, NASDAQ -IXIC UP 2.00%"
12/6/2026,1:44:37,"U.S. STOCKS EXTEND GAINS, NASDAQ -IXIC UP 2.00 PCT"
12/6/2026,1:31:54,U.S. STOCKS EXTEND GAINS AFTER TRUMP SAYS SCHEDULED STRIKES AGAINST IRAN HAVE BEEN CANCELLED; NASDAQ ADDS 1.3%
12/6/2026,1:30:03,"U.S. STOCKS EXTEND GAINS, S&P 500 «SPX UP 1.06 PCT"
12/6/2026,1:29:06,"U.S. STOCKS EXTEND GAINS, DOW JONES .DJI UP 1.04 PCT"
12/6/2026,0:14:09,"Wall St edges up as chips rebound, Middle East in focus US STOCKS"
11/6/2026,23:03:14,U.S. STOCKS GIVE UP GAINS; S&P 500 NEARLY FLAT
11/6/2026,22:00:01,"Wall St ticks up as chips rebound, Middle East in focus US STOCKS"
11/6/2026,21:52:49,"U.S. STOCKS EXTEND GAINS, NASDAQ -IXIC UP 1.00%"
11/6/2026,21:52:49,"U.S. STOCKS EXTEND GAINS, NASDAQ -IXIC UP 1.00 PCT"
11/6/2026,21:32:23,"US STOCKS SNAPSHOT-Wall St opens higher on tech rebound, Middle East in focus"
11/6/2026,21:30:30,"NASDAQ .IXIC UP 144.81 POINTS, OR 0.57 PERCENT, AT 25,314.31 AFTER MARKET OPEN"
11/6/2026,21:30:30,"DOW JONES .DJI UP 208.65 POINTS, OR 0.42 PERCENT, AT 50,127.43 AFTER MARKET OPEN"
11/6/2026,21:30:30,"S&P 500 .INX UP 31.46 POINTS, OR 0.43 PERCENT, AT 7,298.45 AFTER MARKET OPEN"
11/6/2026,21:30:30,"S&P 500 .INX UP 31.46 POINTS, OR 0.43 %, AT 7,298.45 AFTER MARKET OPEN"
11/6/2026,21:16:37,"Wall St set to gain on tech rebound, Middle East in focus US STOCKS U.S. STOCK FUTURES PARE GAINS AFTER MAY PPI DATA, WEEKLY JOBLESS CLAIMS"
11/6/2026,19:33:24,"Wall St futures gain on tech rebound, Middle East peace hopes US STOCKS"
11/6/2026,18:42:13,"Wall St futures rise on tech buying, Middle East peace hopes US STOCKS U.S. S&P 500 E-MINI FUTURES UP 0.67%, NASDAQ 100 FUTURES UP 1.01%, DOW FUTURES UP 0.6%"
11/6/2026,4:46:54,"Wall Street indexes fall more than 1%, hit by tech, Iran war worries US STOCKS"
11/6/2026,4:01:29,"S&P 500 TECH SECTOR INDEX LOSES 2.3%, DOWN 11% FROM JUNE 2 RECORD HIGH CLOSE Wall Street indexes fall 1%, dragged by tech and Iran war worries US STOCKS"
11/6/2026,4:00:00,"DOW JONES .DJI UNOFFICIALLY CLOSES DOWN 896.92 POINTS, OR 1.76%, AT 49,975.19"
11/6/2026,4:00:00,"DOW JONES .DJI UNOFFICIALLY CLOSES DOWN 899.86 POINTS, OR 1.77 PERCENT, AT 49,972.25"
11/6/2026,4:00:00,"S&P 500 .SPX UNOFFICIALLY CLOSES DOWN 109.63 POINTS, OR 1.48 PERCENT, AT 7,277.02"
11/6/2026,4:00:00,"NASDAQ .IXIC UNOFFICIALLY CLOSES DOWN 472.01 POINTS, OR 1.84 PERCENT, AT 25,206.81"
11/6/2026,3:52:49,"Wall Street indexes fall 1%, dragged by tech and worries about Middle East CORRECTED US STOCKS"
11/6/2026,3:21:57,"U.S. STOCKS EXTEND FALL, NASDAQ -IXIC DOWN 2.00%"
11/6/2026,3:21:57,"U.S. STOCKS EXTEND FALL, NASDAQ -IXIC DOWN 2.00 PCT"
10/6/2026,23:56:27,"Wall St falls as tech losses, Middle East tensions deepen US STOCKS"
10/6/2026,23:15:41,"U.S. STOCKS EXTEND FALL, S&P 500 -SPX DOWN 1.00 PCT"
10/6/2026,22:57:30,"U.S. STOCKS EXTEND FALL, DOW JONES -DJI DOWN 1.00 PCT"
10/6/2026,22:12:12,U.S. STOCKS PARE LOSSES; S&P 500 AND NASDAQ NEARLY FLAT
10/6/2026,21:58:09,"Wall St dips as tech declines, Middle East tensions mount US STOCKS"
10/6/2026,21:34:51,"U.S. STOCKS EXTEND FALL, NASDAQ -IXIC DOWN 1.00%"
10/6/2026,21:34:51,"U.S. STOCKS EXTEND FALL, NASDAQ -IXIC DOWN 1.00 PCT"
10/6/2026,21:32:31,"US STOCKS SNAPSHOT-Wall St opens lower on tech losses, Middle East tensions"
10/6/2026,21:30:30,"NASDAQ .IXIC DOWN 166.71 POINTS, OR 0.65 PERCENT, AT 25,512.12 AFTER MARKET OPEN"
10/6/2026,21:30:30,"DOW JONES .DJI DOWN 263.20 POINTS, OR 0.52 PERCENT, AT 50,608.91 AFTER MARKET OPEN"
10/6/2026,21:30:30,"S&P 500 .INX DOWN 35.57 POINTS, OR 0.48 %, AT 7,351.08 AFTER MARKET OPEN"
10/6/2026,21:30:30,"S&P 500 .INX DOWN 35.57 POINTS, OR 0.48 PERCENT, AT 7,351.08 AFTER MARKET OPEN"
10/6/2026,21:14:11,"Wall St set to drop as tech declines, Middle East tensions mount US STOCKS"
10/6/2026,20:38:56,US STOCKS SNAPSHOT-Wall St futures pare declines after May inflation data
10/6/2026,20:30:28,U.S. STOCK FUTURES PARE DECLINES AFTER MAY CONSUMER INFLATION DATA
10/6/2026,19:08:52,"U.S. STOCK FUTURES EXTEND DECLINES; S&P 500 E-MINI FUTURES DOWN 1.1%, NASDAQ 100 FUTURES FALLS 1.6%, DOW FUTURES SLIP 1%"
10/6/2026,18:44:39,Wall St futures slip as tech losses mount ahead of key inflation data US STOCKS
10/6/2026,17:55:31,Wall St futures slip as tech losses mount ahead of key inflation data US STOCKS
10/6/2026,16:00:38,"U.S. S&P 500 E-MINI FUTURES DOWN 0.35%, NASDAQ 100 FUTURES DOWN 0.52%, DOW FUTURES DOWN 0.31%"
10/6/2026,5:18:13,"S&P 500, Nasdaq fall as tech selling resumes, Trump vows to respond to downed US helicopter US STOCKS"
10/6/2026,4:00:54,"S&P 500, Nasdaq fall as tech selling resumes, Trump vows to react to downed US helicopter US STOCKS"
10/6/2026,4:00:00,"S&P 500 .SPX UNOFFICIALLY CLOSES DOWN 23.94 POINTS, OR 0.32 PERCENT, AT 7,381.79"
10/6/2026,4:00:00,"DOW JONES .DJI UNOFFICIALLY CLOSES UP 87.47 POINTS, OR 0.17%, AT 50,873.48"
10/6/2026,4:00:00,"NASDAQ .IXIC UNOFFICIALLY CLOSES DOWN 272.81 POINTS, OR 1.05 PERCENT, AT 25,656.85 S&P 500, Nasdaq fall as tech selloff resumes, Trump says US must react to downed US helicopter US STOCKS"
10/6/2026,0:40:25,"S&P 500, Nasdaq fall to one-month lows as tech selloff resumes US STOCKS"
10/6/2026,0:39:09,"U.S. STOCKS EXTEND FALL, DOW JONES -DJI DOWN 1.00 PCT"
10/6/2026,0:33:38,CBOE VOLATILITY INDEX HITS HIGHEST SINCE APRIL 7; LAST UP 2.72 POINTS AT 21.64
9/6/2026,23:47:16,CBOE VOLATILITY INDEX CLIMBS 1.10 POINTS TO 20.02
9/6/2026,23:19:38,"S&P, Nasdaq fall as tech shares weigh US STOCKS"
9/6/2026,22:48:47,"S&P 500 TURNS LOWER, LAST DOWN 0.4% NASDAQ COMPOSITE REVERSES EARLY GAINS, LAST DOWN 0.3% Wall St rises as tech shares gain, Middle East tensions ease US STOCKS"
9/6/2026,21:50:53,RUSSELL 2000 INDEX RISES 2.2%
9/6/2026,21:48:55,"U.S. STOCKS EXTEND GAINS, S&P 500 -SPX UP 1.00 PCT"
9/6/2026,21:44:25,"U.S. STOCKS EXTEND GAINS, NASDAQ -IXIC UP 1.00%"
9/6/2026,21:44:25,"U.S. STOCKS EXTEND GAINS, NASDAQ -IXIC UP 1.00 PCT"
9/6/2026,21:33:25,"US STOCKS SNAPSHOT-Wall St edges higher at open as chips extend gains, Middle East tensions ease NASDAQ .IXIC UP 192.17 POINTS, OR 0.74 PERCENT, AT 26,121.83 AFTER MARKET OPEN"
9/6/2026,21:30:30,"DOW JONES .DJI UP 229.40 POINTS, OR 0.45 PERCENT, AT 51,015.41 AFTER MARKET OPEN S&P 500 .INX UP 40.45 POINTS, OR 0.55 %, AT 7,446.18 AFTER MARKET OPEN"
9/6/2026,21:30:30,"S&P 500 .INX UP 40.45 POINTS, OR 0.55 PERCENT, AT 7,446.18 AFTER MARKET OPEN"
9/6/2026,20:57:54,"Wall St set for higher open as chips extend gains, Middle East tensions ease US STOCKS"
9/6/2026,19:07:21,Wall St futures inch higher as chips extend gains US STOCKS
9/6/2026,18:21:27,Wall St futures tick up as chips extend gains US STOCKS
9/6/2026,16:01:01,"U.S. S&P 500 E-MINI FUTURES UP 0.22%, NASDAQ 100 FUTURES UP 0.46%, DOW FUTURES UP 0.04%"
9/6/2026,4:50:55,"S&P 500, Nasdaq rise as tech, chipmakers rebound US STOCKS"
9/6/2026,4:00:54,"S&P 500, Nasdaq end up as tech, chipmakers rebound US STOCKS"
9/6/2026,4:00:00,"DOW JONES .DJI UNOFFICIALLY CLOSES DOWN 88.95 POINTS, OR 0.17%, AT 50,777.83"
9/6/2026,4:00:00,"NASDAQ .IXIC UNOFFICIALLY CLOSES UP 219.49 POINTS, OR 0.85 PERCENT, AT 25,928.93"
9/6/2026,4:00:00,"S&P 500 .SPX UNOFFICIALLY CLOSES UP 23.96 POINTS, OR 0.32 PERCENT, AT 7,407.70"
9/6/2026,4:00:00,"DOW JONES .DJI UNOFFICIALLY CLOSES DOWN 84.82 POINTS, OR 0.17 PERCENT, AT 50,781.96"
9/6/2026,2:48:46,"Wall Street rebounds with tech, chipmaker shares US STOCKS Wall St gains as chips rebound, Middle East tensions ease US STOCKS"
8/6/2026,24:57:12,"Wall St gains as chips rebound, Middle East tensions ease US STOCKS"
8/6/2026,21:33:00,"US STOCKS SNAPSHOT-Wall St opens higher as chip stocks rebound, Middle East tensions ease U.S. STOCKS EXTEND GAINS, S&P 500 «SPX UP 1.00 PCT"
8/6/2026,21:30:30,"U.S. STOCKS EXTEND GAINS, NASDAQ -IXIC UP 1.47%"
8/6/2026,21:30:30,"NASDAQ .IXIC UP 378.69 POINTS, OR 1.47 PERCENT, AT 26,088.13 AFTER MARKET OPEN"
8/6/2026,21:30:30,"DOW JONES .DJI UP 212.86 POINTS, OR 0.42 PERCENT, AT 51,079.64 AFTER MARKET OPEN"
8/6/2026,21:30:30,"S&P 500 .INX UP 68.75 POINTS, OR 0.93 PERCENT, AT 7,452.49 AFTER MARKET OPEN"
8/6/2026,21:30:30,"S&P 500 .INX UP 68.75 POINTS, OR 0.93 %, AT 7,452.49 AFTER MARKET OPEN"
8/6/2026,20:44:04,"Wall St set for higher open as chips rebound, Middle East tensions ease US STOCKS"
8/6/2026,20:33:17,RUSSELL 2000 FUTURES UP 1.5%
8/6/2026,19:20:27,"U.S. S&P 500 E-MINI FUTURES ADD 0.65%, NASDAQ 100 FUTURES UP 1.21%, DOW FUTURES UP 0.2%"
8/6/2026,19:19:22,"S&P 500, Nasdaq futures climb as chip stocks stabilize US STOCKS"
8/6/2026,18:19:41,"S&P 500, Nasdaq futures climb as chip stocks stabilize US STOCKS"
8/6/2026,16:01:19,"S&P 500 E-MINI FUTURES UP 0.3%, NASDAQ FUTURES UP 0.7%, DOW FUTURES DOWN 0.2%"
8/6/2026,6:01:50,"S&P 500 FUTURES FALL ABOUT 0.6% IN EARLY TRADE; NASDAQ 100 FUTURES DOWN ABOUT 0.7% Wall Street ends sharply lower as chips slide, jobs data fuels rate hike fears US STOCKS"
6/6/2026,4:13:06,"PHLX SEMICONDUCTOR INDEX ENDS DOWN 10.3%, DEEPEST ONE-DAY LOSS SINCE MARCH 2020 CORRECTED"
6/6/2026,4:05:14,"FOR THE WEEK, S&P 500 DOWN 2.59%, NASDAQ DOWN 4.68%, DOW DOWN 0.32%"
6/6/2026,4:05:13,S&P 500 SNAPS 9-WEEK WINNING STREAK
6/6/2026,4:02:00,S&P 500 HAS BIGGEST DAILY PCT DECLINE SINCE OCTOBER 2025
6/6/2026,4:01:59,NASDAQ REGISTERS BIGGEST DAILY PCT DECLINE SINCE APRIL 2025
6/6/2026,4:00:33,"Wall Street ends sharply lower as chips slide, jobs data fuels rate hike fears US STOCKS"
6/6/2026,4:00:00,"S&P 500 .SPX UNOFFICIALLY CLOSES DOWN 193.72 POINTS, OR 2.55 PERCENT, AT 7,390.59"
6/6/2026,4:00:00,"DOW JONES .DJI UNOFFICIALLY CLOSES DOWN 664.78 POINTS, OR 1.29 PERCENT, AT 50,897.15"
6/6/2026,4:00:00,"DOW JONES .DJI UNOFFICIALLY CLOSES DOWN 628.75 POINTS, OR 1.22%, AT 50,933.18"
6/6/2026,4:00:01,"NASDAQ .IXIC UNOFFICIALLY CLOSES DOWN 1,072.37 POINTS, OR 4.00 PERCENT, AT 25,758.58"
6/6/2026,2:48:33,"U.S. STOCKS EXTEND FALL, NASDAQ -IXIC DOWN 4.00 PCT"
6/6/2026,2:40:15,"Wall Street slumps as chips slide, robust jobs data stokes fears of hawkish Fed US STOCKS"
6/6/2026,2:27:16,"U.S. STOCKS EXTEND FALL, DOW JONES -DJI DOWN 1.00 PCT"
6/6/2026,2:15:05,"U.S. STOCKS EXTEND FALL, S&P 500 «SPX DOWN 2.00 PCT"
6/6/2026,1:06:15,CBOE VOLATILITY INDEX JUMPS TO OVER TWO-WEEK HIGH; LAST UP 3.32 POINTS AT 18.72
6/6/2026,0:43:49,"U.S. STOCKS EXTEND FALL, NASDAQ -IXIC DOWN 3.00%"
6/6/2026,0:10:52,"RUSSELL 2000 INDEX DROPS TO TWO- WEEK LOW, LAST DOWN 2.4%"
5/6/2026,23:58:51,"Wall St slides as chip stocks fall, jobs data fuels hawkish Fed fears US STOCKS"
5/6/2026,23:06:06,"U.S. STOCKS EXTEND FALL, NASDAQ -IXIC DOWN 2.00 PCT"
5/6/2026,22:00:43,"Wall St slides as chip stocks fall, jobs data fuels hawkish Fed fears US STOCKS"
5/6/2026,21:49:33,"U.S. STOCKS EXTEND FALL, S&P 500 -SPX DOWN 1.00 PCT"
5/6/2026,21:39:05,"US STOCKS SNAPSHOT-S&P 500, Nasdaq slip at open after solid jobs data fuels hawkish Fed fears; chip stocks fall REFILE"
5/6/2026,21:30:30,"U.S. STOCKS EXTEND FALL, NASDAQ -IXIC DOWN 1.19%"
5/6/2026,21:30:30,"NASDAQ .IXIC DOWN 321.79 POINTS, OR 1.20 PERCENT, AT 26,509.17 AFTER MARKET OPEN"
5/6/2026,21:30:30,"DOW JONES .DJI UP 24.41 POINTS, OR 0.05 PERCENT, AT 51,586.34 AFTER MARKET OPEN"
5/6/2026,21:30:30,"S&P 500 .INX DOWN 52.48 POINTS, OR 0.69 PERCENT, AT 7,531.83 AFTER MARKET OPEN"
5/6/2026,21:30:30,"S&P 500 .INX DOWN 52.48 POINTS, OR 0.69 %, AT 7,531.83 AFTER MARKET OPEN Nasdaq, S&P 500 set to decline at open after strong payrolls report; chips fall US STOCKS"
5/6/2026,20:35:03,US STOCKS SNAPSHOT-US stock futures extend declines after May non-farm payrolls data
5/6/2026,20:31:25,"S&P 500 E-MINI FUTURES, NASDAQ 100 FUTURES EXTEND DECLINES AFTER U.S. JOBS DATA"
5/6/2026,20:31:25,"S&P 500 E-MINI FUTURES DOWN 0.6%, NASDAQ 100 FUTURES DOWN 1.3, DOW FUTURES FLAT"
5/6/2026,19:07:36,"Nasdaq, S&P futures decline as semiconductors slip; payrolls in focus US STOCKS"
5/6/2026,18:00:04,"Nasdaq, S&P futures slip as semiconductors drag; payrolls in focus US STOCKS"
5/6/2026,16:00:46,"S&P 500 E-MINI FUTURES DOWN 0.6%, NASDAQ 100 FUTURES DOWN 1.13%, DOW FUTURES FLAT"
5/6/2026,4:27:11,"Dow claims record closing high, S&P 500 advances; chip selloff weighs on Nasdaq US STOCKS"
5/6/2026,4:06:56,DOW JONES INDUSTRIAL AVERAGE NOTCHES RECORD HIGH CLOSE
5/6/2026,4:00:43,"Wall St ends higher; Dow claims record closing high US STOCKS NASDAQ .IXIC UNOFFICIALLY CLOSES DOWN 7.09 POINTS, OR 0.03 PERCENT, AT 26,846.89"
5/6/2026,4:00:00,"DOW JONES .DJI UNOFFICIALLY CLOSES UP 903.38 POINTS, OR 1.78 PERCENT, AT 51,590.45"
5/6/2026,4:00:00,"DOW JONES .DJI UNOFFICIALLY CLOSES UP 901.55 POINTS, OR 1.78%, AT 51,588.62"
5/6/2026,4:00:00,"S&P 500 .SPX UNOFFICIALLY CLOSES UP 33.78 POINTS, OR 0.45 PERCENT, AT 7,587.46"
5/6/2026,2:31:56,Wall St rises and Dow touches record high while chip selloff caps Nasdaq's gains US STOCKS
5/6/2026,0:40:52,NASDAQ PARES LOSSES; LAST DOWN 0.15%
4/6/2026,23:49:20,Dow hits record high; Broadcom-led chip selloff weighs on Nasdaq US STOCKS
4/6/2026,23:08:27,U.S. STOCKS HIT SESSION HIGHS; S&P 500 LAST UP 0.1%
4/6/2026,22:07:16,DOW EXTENDS GAINS TO HIT A RECORD HIGH; LAST UP 1.6% OR 790 POINTS
4/6/2026,22:00:34,PHILADELPHIA SE SEMICONDUCTOR INDEX FALLS 5.5%
4/6/2026,21:57:23,"S&P 500, Nasdaq dip as Broadcom revenue miss dents chip stocks US STOCKS"
4/6/2026,21:31:40,"US STOCKS SNAPSHOT-S&P 500, Nasdaq slide at open as Broadcom revenue miss dents chip stocks"
4/6/2026,21:30:47,"U.S. STOCKS EXTEND GAINS, DOW JONES .DJI UP 1.00 PCT"
4/6/2026,21:30:30,"U.S. STOCKS EXTEND FALL, NASDAQ -IXIC DOWN 1.08% NASDAQ .IXIC DOWN 289.39 POINTS, OR 1.08 PERCENT, AT 26,564.59 AFTER MARKET OPEN"
4/6/2026,21:30:30,"DOW JONES .DJI UP 476.57 POINTS, OR 0.94 PERCENT, AT 51,163.64 AFTER MARKET OPEN"
4/6/2026,21:30:30,"S&P 500 .INX DOWN 27.67 POINTS, OR 0.37 PERCENT, AT 7,526.01 AFTER MARKET OPEN"
4/6/2026,21:30:30,"S&P 500 .INX DOWN 27.67 POINTS, OR 0.37 %, AT 7,526.01 AFTER MARKET OPEN"
4/6/2026,20:32:02,U.S. STOCK INDEX FUTURES LITTLE CHANGED AFTER WEEKLY JOBLESS CLAIMS DATA
4/6/2026,20:20:32,"S&P 500, Nasdaq to open lower as Broadcom revenue miss dents chip stocks US STOCKS"
4/6/2026,20:02:10,"NASDAQ 100 FUTURES EXTEND DECLINES, LAST DOWN 1.2%"
4/6/2026,20:02:10,"DOW FUTURES EXTEND GAINS, LAST UP 0.8%"
4/6/2026,18:59:16,Nasdaq futures lead declines after Broadcom results disappoint US STOCKS
4/6/2026,17:48:38,Nasdaq futures lead declines after Broadcom drop US STOCKS
4/6/2026,16:00:41,"S&P 500 E-MINI FUTURES DOWN 0.26%, NASDAQ 100 FUTURES DOWN 0.49%, DOW FUTURES UP 0.20%"
4/6/2026,4:28:49,Wall Street ends lower as Middle East tensions escalate US STOCKS
4/6/2026,4:00:00,"DOW JONES .DJI UNOFFICIALLY CLOSES DOWN 535.48 POINTS, OR 1.04%, AT 50,772.31"
4/6/2026,4:00:00,"S&P 500 .SPX UNOFFICIALLY CLOSES DOWN 51.91 POINTS, OR 0.68 PERCENT, AT 7,557.87"
4/6/2026,4:00:00,"NASDAQ .IXIC UNOFFICIALLY CLOSES DOWN 236.19 POINTS, OR 0.87 PERCENT, AT 26,857.71 U.S. STOCKS EXTEND FALL, DOW JONES -DJI DOWN 1.00 PCT"
4/6/2026,2:26:33,Wall Street eases as Middle East tensions escalate US STOCKS
4/6/2026,1:15:54,"U.S. STOCKS EXTEND DECLINES; S&P 500 DOWN 0.7%, NASDAQ FALLS 1.1%, DOW SHEDS 0.9%"
4/6/2026,0:24:15,"U.S. STOCKS EXTEND FALL, NASDAQ -IXIC DOWN 1.00%"
4/6/2026,0:24:15,"U.S. STOCKS EXTEND FALL, NASDAQ -IXIC DOWN 1.00 PCT"
4/6/2026,0:01:48,Wall Street's record rally takes a breather amid Middle East impasse US STOCKS
3/6/2026,22:32:00,Wall Street's record rally takes a breather amid Middle East impasse US STOCKS
3/6/2026,22:02:53,"U.S. STOCKS EXTEND DECLINES; S&P 500 DOWN 0.4%, NASDAQ SLIPS 0.6%, DOW DOWN 0.5%"
3/6/2026,21:44:00,RUSSELL 2000 INDEX DOWN 1.1%
3/6/2026,21:32:35,"US STOCKS SNAPSHOT-S&P 500, Dow tick lower on Middle East stalemate"
3/6/2026,21:30:30,"NASDAQ .IXIC DOWN 2.64 POINTS, OR 0.01 PERCENT, AT 27,091.26 AFTER MARKET OPEN"
3/6/2026,21:30:30,"DOW JONES .DJI DOWN 291.14 POINTS, OR 0.57 PERCENT, AT 51,016.65 AFTER MARKET OPEN"
3/6/2026,21:30:30,"S&P 500 .INX DOWN 10.45 POINTS, OR 0.14 %, AT 7,599.33 AFTER MARKET OPEN"
3/6/2026,21:30:30,"S&P 500 .INX DOWN 10.45 POINTS, OR 0.14 PERCENT, AT 7,599.33 AFTER MARKET OPEN"
3/6/2026,20:31:49,"S&P 500, Dow set to dip at open on Middle East stalemate US STOCKS"
3/6/2026,19:01:44,"S&P, Dow futures edge lower on Middle East stalemate US STOCKS"
3/6/2026,16:46:20,Wall St futures pause near record highs as oil climbs on Middle East stalemate US STOCKS
3/6/2026,16:00:47,"S&P 500 E-MINI FUTURES DOWN 0.1%, NASDAQ 100 FUTURES FLAT, DOW FUTURES DOWN 0.3% Wall St ends modestly higher as AI zeal overcomes Middle East jitters US STOCKS"
3/6/2026,4:00:48,Wall St ends modestly higher as AI zeal overcomes Middle East jitters US STOCKS
3/6/2026,4:00:00,"DOW JONES .DJI UNOFFICIALLY CLOSES UP 256.52 POINTS, OR 0.50 PERCENT, AT 51,335.40"
3/6/2026,4:00:00,"S&P 500 .SPX UNOFFICIALLY CLOSES UP 12.16 POINTS, OR 0.16 PERCENT, AT 7,612.12"
3/6/2026,4:00:00,"NASDAQ .IXIC UNOFFICIALLY CLOSES UP 10.03 POINTS, OR 0.04 PERCENT, AT 27,096.84"
3/6/2026,4:00:01,"DOW JONES .DJI UNOFFICIALLY CLOSES UP 246.39 POINTS, OR 0.48%, AT 51,325.27"
3/6/2026,2:35:07,Wall St muted as AI zeal is held in check by Middle East tensions US STOCKS
3/6/2026,0:00:29,"Dow, S&P 500 scale peaks as HPE, Alphabet fuel AI momentum US STOCKS"
2/6/2026,23:11:07,U.S. STOCKS NEAR SESSION HIGHS; DOW LAST UP 0.3%
2/6/2026,21:53:47,"S&P 500, Nasdaq dip after record highs; HPE soars US STOCKS US STOCKS SNAPSHOT-Wall Street slips at open after record highs; HPE soars"
2/6/2026,21:30:30,"NASDAQ .IXIC DOWN 68.09 POINTS, OR 0.25 PERCENT, AT 27,018.71 AFTER MARKET OPEN"
2/6/2026,21:30:30,"DOW JONES .DJI DOWN 137.46 POINTS, OR 0.27 PERCENT, AT 50,941.42 AFTER MARKET OPEN"
2/6/2026,21:30:30,"S&P 500 .INX DOWN 14.06 POINTS, OR 0.19 %, AT 7,585.90 AFTER MARKET OPEN"
2/6/2026,21:30:30,"S&P 500 .INX DOWN 14.06 POINTS, OR 0.19 PERCENT, AT 7,585.90 AFTER MARKET OPEN"
2/6/2026,20:33:37,Wall Street poised to dip at open after record highs; HPE soars US STOCKS
2/6/2026,18:38:14,Wall Street futures dip after record highs; HPE soars US STOCKS
2/6/2026,17:34:23,Wall Street futures tick lower after record highs; HPE soars US STOCKS
2/6/2026,16:00:46,U.S. STOCK INDEX FUTURES DOWN 0.1%
2/6/2026,4:21:58,"Wall St ends higher, boosted by tech gains, US-Iran peace hopes US STOCKS"
2/6/2026,4:00:31,"Wall St ends higher, boosted by tech gains, US-Iran peace hopes US STOCKS"
2/6/2026,4:00:01,"NASDAQ .IXIC UNOFFICIALLY CLOSES UP 112.18 POINTS, OR 0.42 PERCENT, AT 27,084.80"
2/6/2026,4:00:00,"DOW JONES .DJI UNOFFICIALLY CLOSES UP 53.03 POINTS, OR 0.10 PERCENT, AT 51,085.49"
2/6/2026,4:00:00,"S&P 500 .SPX UNOFFICIALLY CLOSES UP 20.65 POINTS, OR 0.27 PERCENT, AT 7,600.71"
2/6/2026,4:00:00,"DOW JONES .DJI UNOFFICIALLY CLOSES UP 60.08 POINTS, OR 0.12%, AT 51,092.54"
2/6/2026,2:41:42,"Wall St flutters higher amid tech gains, Middle East developments US STOCKS"
2/6/2026,1:46:37,"S&P 500 UP 0.4%, NASDAQ ADDS 0.7%"
2/6/2026,1:46:36,S&P 500 AND NASDAQ GAIN AFTER TRUMP SAYS ISRAEL WILL NOT SEND TROOPS TO LEBANON
1/6/2026,22:28:07,RUSSELL 2000 INDEX DROPPED 1.2%
1/6/2026,22:02:10,"Wall St near record levels as AI optimism tempers war concerns; Nvidia, Microsoft up US STOCKS"
1/6/2026,21:32:25,US STOCKS SNAPSHOT-Wall St opens near record highs as AI optimism counters US-Iran war worries
1/6/2026,21:30:30,"NASDAQ .IXIC DOWN 46.64 POINTS, OR 0.17 PERCENT, AT 26,925.98 AFTER MARKET OPEN"
1/6/2026,21:30:30,"DOW JONES .DJI DOWN 179.84 POINTS, OR 0.35 PERCENT, AT 50,852.62 AFTER MARKET OPEN"
1/6/2026,21:30:30,"S&P 500 .INX DOWN 14.56 POINTS, OR 0.19 %, AT 7,565.50 AFTER MARKET OPEN"
1/6/2026,21:30:30,"S&P 500 .INX DOWN 14.56 POINTS, OR 0.19 PERCENT, AT 7,565.50 AFTER MARKET OPEN"
1/6/2026,21:13:48,"U.S. S&P 500 E-MINI FUTURES DOWN 0.1%, NASDAQ 100 FUTURES DOWN 0.2%, DOW FUTURES FLAT"
1/6/2026,20:38:07,Wall St set for record highs as AI push eclipses US-Iran war worries US STOCKS
1/6/2026,19:32:47,"DOW FUTURES EXTEND GAINS, LAST UP 0.6%"
1/6/2026,19:15:01,"US stock futures rise as AI push eclipses US-Iran war; Nvidia, Microsoft up US STOCKS"
1/6/2026,17:47:03,Wall Street futures gain as AI advances overshadow US-Iran tensions US STOCKS
1/6/2026,16:05:29,"S&P 500 E-MINI FUTURES UP 0.2%, NASDAQ 100 FUTURES UP 0.3%, DOW FUTURES UP 0.1%"
1/6/2026,5:58:03,Sa-71SF SAS SS BS BS 71h HO] Be of a7 F7Vt Ares AJDAS BA tct
30/5/2026,4:49:46,"RESA-LA MAF BP LUBE SSR SAR GRP Rinse, SRSA Bias ariass"
30/5/2026,4:49:46,"REEL) Bis FLF LR -S AR EER PRIN AHR, FREE! Bika ais"
30/5/2026,4:39:56,RES) 1 7 7 RO Bee & CHRAISE AOS abe Abe I. 9 + ISI AER PHB CWSI EMRA
30/5/2026,4:39:47,MERCATO AZIONARIO STATUNITENSE- Wall Street raggiunge nuovi massimi di chiusura grazie al settore tecnologico e alle speranze di un accordo in Medio Oriente
30/5/2026,4:39:43,MARCHES BOURSIERS AMERICAINS-Wall Street atteint de nouveaux records de cléture grace a la bonne tenue du secteur technologique et aux espoirs d'un accord au Moyen-Orient
30/5/2026,4:39:38,BOLSA DE EEUU-Wall Street alcanza nuevos maximos al cierre gracias al buen comportamiento del sector tecnoldgico y a las esperanzas de un acuerdo en Oriente Medio
30/5/2026,4:38:55,US-AKTIEN-Wall Street erreicht dank der Starke des Technologiesektors und Hoffnungen auf ein Abkommen im Nahen Osten neue Schlusshéchststande
30/5/2026,4:38:36,"Wall Street hits new closing highs on tech strength, Middle East deal hopes US STOCKS"
30/5/2026,4:02:10,Os FA-7/S SAS SS BS ABs AIHA BAH AAt AE7H7t ALS Al Al S Suge
30/5/2026,4:02:06,BOLSA EUA-Wall Street atinge novos recordes de fechamento impulsionada pela forga do setor de tecnologia e pelas esperancas de um acordo no Oriente Médio
30/5/2026,4:02:03,MERCATO AZIONARIO STATUNITENSE- Wall Street raggiunge nuovi massimi di chiusura grazie alla forza del settore tecnologico e alle speranze di un accordo in Medio Oriente
30/5/2026,4:01:54,"KBR 7 + 8, 1 7 7 BS RAR CHER EE"
30/5/2026,4:01:50,Bourse américaine-Wall Street atteint de nouveaux records de cléture grace a la bonne tenue du secteur technologique et aux espoirs d'un accord au Moyen-Orient
30/5/2026,4:01:46,"SEER -S2E RAR ESB PER tins Se ik, Sel NETS"
30/5/2026,4:01:46,"BIRTH-SE REE PRN Ae tk, PRS AaO Rea"
30/5/2026,4:01:42,BOLSA DE EEUU-Wall Street alcanza nuevos maximos al cierre gracias al impulso del sector tecnoldgico y a las esperanzas de un acuerdo en Oriente Medio
30/5/2026,4:01:08,"UNOFFICIALLY, FOR THE WEEK, THE S&P 500 GAINED 1.43%, THE NASDAQ ROSE 2.39%, AND THE DOW CLIMBED 0.9%"
30/5/2026,4:01:08,"UNOFFICIALLY, FOR THE MONTH THE S&P 500 GAINED 5.15%, THE NASDAQ ROSE 8.36%, AND THE DOW CLIMBED 2.78%"
30/5/2026,4:01:08,"S&P 500 RECORDS NINTH STRAIGHT WEEKLY GAIN, LONGEST STREAK SINCE DECEMBER 2023"
30/5/2026,4:01:03,US-AKTIEN-Wall Street erreicht dank der Starke des Technologiesektors und Hoffnungen auf ein Abkommen im Nahen Osten neue Schlusshéchststande
30/5/2026,4:00:53,"Wall Street hits new closing highs on tech strength, Middle East deal hopes US STOCKS"
30/5/2026,4:00:00,"NASDAQ .IXIC UNOFFICIALLY CLOSES UP 63.72 POINTS, OR 0.24 PERCENT, AT 26,981.19"
30/5/2026,4:00:00,"S&P 500 .SPX UNOFFICIALLY CLOSES UP 19.32 POINTS, OR 0.26 PERCENT, AT 7,582.95"
30/5/2026,4:00:00,"DOW JONES .DJI UNOFFICIALLY CLOSES UP 339.56 POINTS, OR 0.67%, AT 51,008.53"
30/5/2026,2:38:26,AREAS 7 4 IU ETIL I 4 2 ER Ci fh. PRERICEA
30/5/2026,2:38:20,BOLSA EUA-Wall Street amplia alta impulsionada pela forga do setor de tecnologia; acordo no Oriente Médio continua em foco
30/5/2026,2:38:18,"ol Tse ZAI_g! t, 7I BTS Az Zt AlOll BAO SAM O1017E. x) zx ou oto [Ol] Ho] FS"
30/5/2026,2:38:09,MARCHES BOURSIERS AMERICAINS-Wall Street poursuit sa remontée grace a la bonne tenue du secteur technologique l'accord au Moyen-Orient reste au centre de I'attention
30/5/2026,2:38:04,MERCATO AZIONARIO STATUNITENSE- Wall Street prosegue il rialzo grazie alla forza del settore tecnologico; l'accordo sul Medio Oriente rimane al centro dell'attenzione
30/5/2026,2:38:03,BOLSA DE EEUU-Wall Street prolonga su repunte gracias al impulso del sector tecnoldgico; el acuerdo sobre Oriente Medio sigue siendo el centro de atencién
30/5/2026,2:38:00,"FRR Th-A eae, SATS SEAR, Paes Seer"
30/5/2026,2:38:00,"FHIHh-SEReste, RATE se; PRIA"
30/5/2026,2:37:08,US-AKTIEN-Wall Street setzt Aufschwung dank starker Technologiewerte fort; Nahost-Abkommen bleibt im Fokus
30/5/2026,2:36:56,Wall Street extends rally on tech strength; Middle East deal stays in focus US STOCKS
30/5/2026,0:23:47,"AREAS 9 4 HE, 1 7 7 RACE A OK FY GRICE"
30/5/2026,0:23:47,BOLSA EUA-Wall Street amplia alta impulsionada pela forga do setor de tecnologia; acordo no Oriente Médio continua em foco
30/5/2026,0:23:45,"ol Ts ZAIN t, IS SMG BAH S SA O1O17E. - OO Z= Sto Bl HA9| a AGO t"
30/5/2026,0:23:36,BOLSA DE EEUU-Wall Street prolonga su repunte gracias al impulso del sector tecnoldgico; el acuerdo sobre Oriente Medio sigue siendo el centro de atencién
30/5/2026,0:23:35,MERCATO AZIONARIO STATUNITENSE- Wall Street prosegue il rialzo grazie alla forza del settore tecnologico; l'accordo sul Medio Oriente rimane al centro dell'attenzione
30/5/2026,0:23:32,"FHIRH-SEREi, SRE"
30/5/2026,0:23:32,"Hh -SE sate, HERAT EA; PRIM ea"
30/5/2026,0:22:49,US-AKTIEN-Wall Street setzt Aufschwung dank starker Technologiewerte fort; Nahost-Abkommen bleibt im Fokus
30/5/2026,0:22:42,Wall St extends rally on tech strength; Mideast deal stays in focus US STOCKS
29/5/2026,23:02:17,AVISO-Wall Street prolonga su repunte gracias a las esperanzas de un acuerdo de paz en Oriente Medio; Dell se dispara
29/5/2026,22:58:57,AVISO-Wall Street amplia alta com esperancas de acordo de paz no Oriente Médio; Dell dispara
29/5/2026,22:53:53,AVVISO-Wall Street prolunga il rialzo sulle speranze di accordo di pace in Medio Oriente; Dell in forte rialzo
29/5/2026,22:37:11,aE ZA oat t 1 oo ZA iy 8 St as 7/42al SSA ONZE... BEALS
29/5/2026,22:36:53,"KE PRL AR OREM 5 7 + JU fig lt EE A, TOLER ARE"
29/5/2026,22:36:44,"FHRh-S PRT ies Si, TREES FURR AER"
29/5/2026,22:36:44,"FBRRH-S RAL Bie A649 EAN EA, URI ARK US-AKTIEN-Wall Street setzt Aufschwung aufgrund von Hoffnungen auf ein Friedensabkommen im Nahen Osten fort; Dell legt kraftig zu"
29/5/2026,22:35:42,Wall St extends rally on Mideast peace deal hopes; Dell surges US STOCKS
29/5/2026,22:22:50,RUSSELL 2000 INDEX DOWN 1.1%
29/5/2026,21:42:24,"S&P 500 TECHNOLOGY SECTOR AT AN ALL TIME HIGH, LAST UP 1.7%"
29/5/2026,21:39:48,"S&P 500 SOFTWARE AND SERVICES INDEX HITS FOUR-MONTH HIGH, LAST UP 2.7%"
29/5/2026,21:35:01,US STOCKS SNAPSHOT-Wall St edges higher at open with Mideast deal updates in focus
29/5/2026,21:30:30,"NASDAQ .IXIC UP 34.17 POINTS, OR 0.13 PERCENT, AT 26,951.64 AFTER MARKET OPEN DOW JONES .DJI UP 74.29 POINTS, OR 0.15 PERCENT, AT 50,743.26 AFTER MARKET OPEN"
29/5/2026,21:30:30,"S&P 500 .INX UP 11.98 POINTS, OR 0.16 %, AT 7,575.61 AFTER MARKET OPEN"
29/5/2026,21:30:30,"S&P 500 .INX UP 11.98 POINTS, OR 0.16 PERCENT, AT 7,575.61 AFTER MARKET OPEN KE PRAF ASO ERVER 1 Sh, ¥4—/ (tj CLA IC H ca)"
29/5/2026,20:39:33,"Os F4-S5 BS AAO] FRO BD 7h, Ti Z7p AEA co ML CLUS AS"
29/5/2026,20:39:26,"MERCATO AZIONARIO STATUNITENSE- Wall St sulla buona strada per chiudere la settimana in rialzo, con l'attenzione concentrata sugli sviluppi dell'accordo in Medio Oriente"
29/5/2026,20:39:18,"BOLSA DE EEUU-Wall Street se encamina hacia unas ganancias semanales, con la atencién puesta en las novedades sobre el acuerdo en Oriente Medio"
29/5/2026,20:39:17,BOLSA EUA-Wall Street a caminho de ganhos semanais com foco nas atualizagdes de acordos no Oriente Médio
29/5/2026,20:39:15,"SHS PRRs hia ai, SHAS Fulmer Cie"
29/5/2026,20:39:15,FHih ato RAas
29/5/2026,20:38:44,US-AKTIEN-Wall Street auf Kurs fiir Wochengewinne Fokus auf Neuigkeiten zum Nahost-Abkommen
29/5/2026,20:38:35,Wall St on track for weekly gains with Mideast deal updates in focus US STOCKS
29/5/2026,18:45:55,BOLSA DE EEUU-Los futuros de Wall Street se mantienen estables mientras los inversores esperan noticias sobre el acuerdo en Oriente Medio; las acciones de Dell se disparan
29/5/2026,18:45:31,MARCHES BOURSIERS AMERICAINS-Les contrats a terme de Wall Street restent stables alors que les investisseurs attendent des nouvelles concernant l'accord au Moyen-Orient Dell s'envole
29/5/2026,18:44:49,MERCATO AZIONARIO STATUNITENSE-I futures di Wall Street rimangono stabili mentre gli investitori attendono aggiornamenti sull'accordo in Medio Oriente; Dell vola
29/5/2026,18:44:47,"Ol FA-FAASO SS AS ANS 7\Chele 7A2G| A7t MS ASS BSA 2 HA, qi 2 RIE BSR"
29/5/2026,18:44:36,"Sb BRGMRSS, RASH Rimmaeke; SRB"
29/5/2026,18:44:36,"FER, RASS FRYER ATER BARRETT"
29/5/2026,18:44:23,BOLSA EUA-Os futuros de Wall Street se mantém estaveis enquanto os investidores aguardam novidades sobre o acordo no Oriente Médio; as acdes da Dell disparam.
29/5/2026,18:44:19,"KEMAARARD PRE AS OER e TET SR 7 4 LO SABE ISR IE, FUL ORRMMS Aa"
29/5/2026,18:43:52,"US-AKTIEN-Wall-Street-Futures stabil, wahrend Anleger auf Neuigkeiten zum Nahost-Abkommen warten; Dell legt kraftig zu"
29/5/2026,18:43:30,Wall St futures steady as investors await Mideast deal updates; Dell soars US STOCKS
29/5/2026,18:34:18,AVISO-Futuros de Wall Street estaveis enquanto investidores aguardam atualizacgdes sobre acordo no Oriente Médio; Dell dispara
29/5/2026,17:41:16,AWVISO-I futures di Wall Street rimangono stabili mentre gli investitori attendono aggiornamenti sull'accordo in Medio Oriente; Dell vola
29/5/2026,17:07:56,o> Ta ZALE T txt Boo SAE aA BO oH H GO| ZEA a x~ a7} 42 SB; BSS
29/5/2026,17:07:45,"FHh-BwGwRSte, RAB Prima; AURARATT"
29/5/2026,17:07:45,"Sah RGH RE, RAB H RID ae; RTT"
29/5/2026,17:07:41,SKEAS- 9 + IIS. PRI Se TURE
29/5/2026,17:07:39,MARCHES BOURSIERS AMERICAINS-Les contrats a terme de Wall Street restent stables alors que les investisseurs attendent les évolutions de l'accord au Moyen-Orient Dell s'envole
29/5/2026,17:07:28,BOLSA DE EEUU-Los futuros de Wall Street se mantienen estables mientras los inversionistas esperan novedades sobre el acuerdo en Oriente Medio; las acciones de Dell se disparan
29/5/2026,17:07:06,"US-AKTIEN-Wall-Street-Futures stabil, wahrend Anleger auf Neuigkeiten zum Nahost-Abkommen warten; Dell legt kraftig zu"
29/5/2026,17:06:50,Wall St futures steady as investors await Mideast deal updates; Dell soars US STOCKS
29/5/2026,16:01:09,"U.S. S&P 500 E-MINI FUTURES UP 0.1%, NASDAQ 100 FUTURES FLAT, DOW FUTURES UP 0.1%"
29/5/2026,4:28:27,S&P 500 and Nasdaq hit record closing highs as US and Iran agree to extend ceasefire US STOCKS
29/5/2026,4:01:33,"THE DOW, THE S&P 500 AND NASDAQ COMPOSITE REGISTER RECORD CLOSING HIGHS"
29/5/2026,4:00:38,S&P 500 and Nasdaq hit record closing highs as US and Iran agree to extend ceasefire US STOCKS
29/5/2026,4:00:00,"NASDAQ .IXIC UNOFFICIALLY CLOSES UP 243.19 POINTS, OR 0.91 PERCENT, AT 26,917.93"
29/5/2026,4:00:00,"DOW JONES .DJI UNOFFICIALLY CLOSES UP 18.29 POINTS, OR 0.04 PERCENT, AT 50,662.57"
29/5/2026,4:00:00,"S&P 500 .SPX UNOFFICIALLY CLOSES UP 43.86 POINTS, OR 0.58 PERCENT, AT 7,564.22"
29/5/2026,4:00:00,"DOW JONES .DJI UNOFFICIALLY CLOSES UP 30.68 POINTS, OR 0.06%, AT 50,674.96"
29/5/2026,2:40:56,S&P 500 and Nasdaq reach highs as US and Iran agree to extend ceasefire US STOCKS
29/5/2026,0:51:43,AVISO-S&P 500 e Nasdaq sobem apds noticia de progresso no acordo de paz no Oriente Médio
29/5/2026,0:29:42,AVISO-EI S&P 500 y el Nasdaq suben tras conocerse los avances en el acuerdo de paz de Oriente Medio
29/5/2026,0:07:11,"KE PRE ASO EROS ti, S&P SO00HHEEC TARY 7A LA"
29/5/2026,0:07:05,OS $4-S5 Ba ay ALA uw au AO S&P 500 AS UAE Al SS
29/5/2026,0:07:04,MERCATO AZIONARIO STATUNITENSE- L'S&P 500 e il Nasdaq salgono sulla scia delle notizie sui progressi nell'accordo di pace in Medio Oriente
29/5/2026,0:07:03,MARCHES BOURSIERS AMERICAINS-Le S&P 500 et le Nasdaq progressent suite a l'annonce de progrés dans les négociations de paix au Moyen-Orient
29/5/2026,0:06:56,"SHRh-2 PRT SSE RNS fedix, TEES SOOPS SHAME veh EEE bik"
29/5/2026,0:06:56,"FERHb-S PRIS RAS fete, tS 00H AAA A TESOL Lik"
29/5/2026,0:06:07,"US-AKTIEN-S&P 500 und Nasdaq legen nach Berichten Uber Fortschritte beim Nahost-Friedensabkommen zu S&P 500, Nasdaq gain on report of Middle East peace deal progress US STOCKS"
28/5/2026,23:45:30,CBOE VOLATILITY INDEX AT 4-MONTH LOW; LAST DOWN 0.33 POINTS AT 15.96 AVVISO-Wall Street in fase di stallo mentre gli investitori valutano i dati sull'inflazione e gli sviluppi in Medio Oriente
28/5/2026,22:20:55,"U.S. STOCKS TURN POSITIVE; S&P 500 UP 0.3%, NASDAQ ADDS 0.4%, DOW UP 0.1%"
28/5/2026,22:14:09,MARCHES BOURSIERS AMERICAINS-Wall Street reste dans la prudence alors que les investisseurs analysent les chiffres de l'inflation et I'évolution de la situation au Moyen-Orient
28/5/2026,22:14:05,o> Ta ZALEX T AtSO| QB e0]-4 A Ht oo AEA OS MLS FALSHAAL B7RE oko} AZPAF eH S eich
28/5/2026,22:13:53,BOLSA EUA-Wall Street em compasso de espera enquanto investidores avaliam dados de inflacéo e desdobramentos no Oriente Médio
28/5/2026,22:13:46,HEA ARARD 1 Y Lis? Pets SEAT ORL 7 4 ISRO OR al
28/5/2026,22:13:43,BOLSA DE EEUU-Wall Street se mantiene en calma mientras los inversionistas analizan los datos sobre la inflaci6n y los acontecimientos en Oriente Medio
28/5/2026,22:13:41,"FHRb-BBATEX, RASIEAA ite R PRS"
28/5/2026,22:13:41,"SERRE, ARIE BikdeR pes"
28/5/2026,22:12:57,"US-Aktien-An der Wall Street herrscht Zuriickhaltung, wahrend die Anleger die Inflationsdaten und die Entwicklungen im Nahen Osten bewerten"
28/5/2026,22:12:47,"Wall St muted as investors assess inflation data, Mideast developments US STOCKS"
28/5/2026,21:38:29,"US STOCKS SNAPSHOT-Wall St muted as investors asses inflation data, Mideast peace prospects"
28/5/2026,21:30:30,"NASDAQ .IXIC UP 8.84 POINTS, OR 0.03 PERCENT, AT 26,683.57 AFTER MARKET OPEN"
28/5/2026,21:30:30,"DOW JONES .DJI DOWN 234.78 POINTS, OR 0.46 PERCENT, AT 50,409.50 AFTER MARKET OPEN"
28/5/2026,21:30:30,"S&P 500 .INX DOWN 1.67 POINTS, OR 0.02 PERCENT, AT 7,518.69 AFTER MARKET OPEN"
28/5/2026,21:30:30,"S&P 500 .INX DOWN 1.67 POINTS, OR 0.02 %, AT 7,518.69 AFTER MARKET OPEN"
28/5/2026,21:02:46,BOLSA EUA-Wall Street deve ter uma abertura sem grandes variacdes enquanto investidores avaliam dados de inflacdo e perspectivas de paz no Oriente Médio
28/5/2026,21:02:42,"FHh- BRS HREB TX, A ATES HI BURR PRL Rise"
28/5/2026,21:02:42,"FERRER AREBTIR, 1A AIHA AA PRE Re"
28/5/2026,21:02:42,"KES + Lilt, BBR IY 7 LT 2 -PRRAIE O Ri L ETERS S pL MECH) CHS] BRAT 6 RL RK"
28/5/2026,21:02:39,"MARCHES BOURSIERS AMERICAINS-Wall Street s'appréte a une ouverture en demi- teinte, les investisseurs évaluant les données sur I'inflation et les perspectives de paix au Moyen-Orient"
28/5/2026,21:02:39,MERCATO AZIONARIO STATUNITENSE- Wall Street si avvia a un'apertura sottotono mentre gli investitori valutano i dati sull'inflazione e le prospettive di pace in Medio Oriente
28/5/2026,21:02:38,BOLSA DE EEUU-Se prevé una apertura discreta en Wall Street mientras los inversionistas analizan los datos sobre la inflacion y las perspectivas de paz en Oriente Medio
28/5/2026,21:01:51,"US-AKTIEN-An der Wall Street wird ein verhaltener Handelsstart erwartet, da die Anleger die Inflationsdaten und die Aussichten auf Frieden im Nahen Osten bewerten"
28/5/2026,21:01:41,"Wall St set for muted open as investors assess inflation data, Mideast peace prospects US STOCKS"
28/5/2026,20:31:34,U.S. STOCK FUTURES LITTLE CHANGED AFTER APRIL INFLATION DATA
28/5/2026,19:16:59,Ol 44-35 2g oz gt As A + Ot... AS a0l4 Ale Be OF. i a
28/5/2026,19:16:54,"SHih- HRA, BHAT BK; Affe ae ARBUR"
28/5/2026,19:16:54,"FHRH-PR BATTER, TERETE Bk, Samide"
28/5/2026,19:16:53,BOLSA EUA-Futuros de Wall Street caem com escalada de tensdes no Oriente Médio; dados de inflacdo aguardados
28/5/2026,19:16:52,MERCATO AZIONARIO STATUNITENSE-I futures di Wall Street in calo a causa dell'escalation delle tensioni in Medio Oriente; in attesa dei dati sull'inflazione
28/5/2026,19:16:51,"ARESL- PERS RIE ZIT, 7 EE OFMNRAD MS: 4 7 - tat DREREEAS"
28/5/2026,19:16:43,MARCHES BOURSIERS AMERICAINS-Les contrats a terme de Wall Street reculent en raison de l'escalade des tensions au Moyen-Orient les chiffres de I'inflation sont attendus
28/5/2026,19:16:41,BOLSA DE EEUU-Los futuros de Wall Street caen ante la escalada de tensiones en Oriente Medio; se esperan los datos de inflacién
28/5/2026,19:16:08,US-AKTIEN-Wall-Street-Futures geben angesichts der eskalierenden Spannungen im Nahen Osten nach; Inflationsdaten werden erwartet
28/5/2026,19:15:55,Wall St futures dip on escalating Mideast tensions; inflation data awaited US STOCKS
28/5/2026,17:25:42,Wall St futures dip on escalating Mideast tensions US STOCKS
28/5/2026,16:01:29,"U.S. S&P 500 E-MINI FUTURES DOWN 0.1%, NASDAQ 100 FUTURES DIP 0.3%, DOW FUTURES FLAT"
28/5/2026,4:42:35,"Wall Street indexes post closing record highs, AI rally pauses US STOCKS"
28/5/2026,4:02:02,"THE DOW, THE S&P 500 AND NASDAQ COMPOSITE REGISTER RECORD CLOSING HIGHS"
28/5/2026,4:00:01,"DOW JONES .DJI UNOFFICIALLY CLOSES UP 196.86 POINTS, OR 0.39 PERCENT, AT 50,658.54"
28/5/2026,4:00:01,"DOW JONES .DJI UNOFFICIALLY CLOSES UP 187.90 POINTS, OR 0.37%, AT 50,649.58"
28/5/2026,4:00:00,"NASDAQ .IXIC UNOFFICIALLY CLOSES UP 15.29 POINTS, OR 0.06 PERCENT, AT 26,671.47"
28/5/2026,4:00:00,"S&P 500 .SPX UNOFFICIALLY CLOSES UP 1.68 POINTS, OR 0.02 PERCENT, AT 7,520.80"
28/5/2026,2:34:47,"S&P 500, Nasdaq muted as AI rally pauses, investors await Mideast news US STOCKS"
28/5/2026,1:09:14,"S&P 500 TURNS NEGATIVE, LAST DOWN 0.21%"
28/5/2026,0:15:52,"S&P 500, Nasdaq muted as investors await Mideast peace deal progress US STOCKS"
27/5/2026,23:45:33,"S&P 500 DOWN 0.1%, NASDAQ DOWN 0.4%, DOW UP 0.3%"
27/5/2026,22:25:01,Wall Street muted due to Mideast peace deal uncertainty US STOCKS
27/5/2026,21:32:36,"US STOCKS SNAPSHOT-Wall St opens higher on AI optimism, Mideast truce hopes"
27/5/2026,21:30:30,"NASDAQ .IXIC UP 36.87 POINTS, OR 0.14 PERCENT, AT 26,693.06 AFTER MARKET OPEN S&P 500 .INX UP 6.90 POINTS, OR 0.09 %, AT 7,526.02 AFTER MARKET OPEN"
27/5/2026,21:30:30,"DOW JONES .DJI UP 102.72 POINTS, OR 0.20 PERCENT, AT 50,564.40 AFTER MARKET OPEN"
27/5/2026,21:30:30,"S&P 500 .INX UP 6.90 POINTS, OR 0.09 PERCENT, AT 7,526.02 AFTER MARKET OPEN"
27/5/2026,20:40:02,"Wall St set to open higher on AI optimism, Mideast truce hopes US STOCKS"
27/5/2026,18:58:40,"Wall St futures rise on AI optimism, Mideast truce hopes Us STOCKS"
27/5/2026,17:07:42,Wall St futures rise on AI optimism; investors optimistic on Mideast truce US STOCKS
27/5/2026,16:01:45,"U.S. S&P 500 E-MINI FUTURES UP 0.1%, NASDAQ 100 FUTURES ADD 0.2%, DOW FUTURES UP 0.3%"
27/5/2026,4:35:47,"S&P 500, Nasdaq hit record closing highs on AI optimism, Micron joins $1 trillion club US STOCKS"
27/5/2026,4:01:36,"NASDAQ COMPOSITE MARKS RECORD CLOSING HIGH, SURPASSING MAY 14 CLOSING RECORD"
27/5/2026,4:00:48,"S&P 500 hits record closing high on AI optimism, Micron joins $1 trillion club US STOCKS"
27/5/2026,4:00:43,"S&P 500 REGISTERS RECORD CLOSING HIGH, TOPPING PREVIOUS MAY 14 CLOSING RECORD"
27/5/2026,4:00:00,"DOW JONES .DJI UNOFFICIALLY CLOSES DOWN 113.55 POINTS, OR 0.22 PERCENT, AT 50,466.15"
27/5/2026,4:00:00,"DOW JONES .DJI UNOFFICIALLY CLOSES DOWN 90.79 POINTS, OR 0.18%, AT 50,488.91"
27/5/2026,4:00:00,"S&P 500 .SPX UNOFFICIALLY CLOSES UP 45.79 POINTS, OR 0.61 PERCENT, AT 7,519.26 NASDAQ .IXIC UNOFFICIALLY CLOSES UP 304.98 POINTS, OR 1.16 PERCENT, AT 26,648.95"
27/5/2026,2:49:18,"S&P 500, Nasdaq rise on AI optimism, Micron joins $1 trillion club US STOCKS"
26/5/2026,23:40:48,"S&P 500, Nasdaq rise as AI optimism outweighs Middle East risks US STOCKS"
26/5/2026,22:16:53,Wall St rises as AI optimism outweighs Middle East risks US STOCKS
26/5/2026,21:45:24,"U.S. STOCKS EXTEND GAINS, NASDAQ -IXIC UP 1.00%"
26/5/2026,21:45:24,"U.S. STOCKS EXTEND GAINS, NASDAQ -IXIC UP 1.00 PCT"
26/5/2026,21:41:57,"PHILADELPHIA SE SEMICONDUCTOR INDEX AT AN ALL TIME HIGH, LAST UP 3.8%"
26/5/2026,21:36:47,"RUSSELL 2000 INDEX HITS INTRADAY HIGH, LAST UP 0.9%"
26/5/2026,21:32:07,US STOCKS SNAPSHOT-Wall St gains at open as AI optimism overshadows Middle East risks
26/5/2026,21:30:30,"DOW JONES .DJI UP 155.19 POINTS, OR 0.31 PERCENT, AT 50,734.89 AFTER MARKET OPEN"
26/5/2026,21:30:30,"S&P 500 .INX UP 44.40 POINTS, OR 0.59 PERCENT, AT 7,517.87 AFTER MARKET OPEN"
26/5/2026,21:30:30,"NASDAQ .IXIC UP 243.14 POINTS, OR 0.92 %, AT 26,587.11 AFTER MARKET OPEN"
26/5/2026,21:30:30,"NASDAQ .IXIC UP 243.14 POINTS, OR 0.92 PERCENT, AT 26,587.11 AFTER MARKET OPEN"
26/5/2026,20:22:20,Wall St set for higher open as AI optimism outweighs Middle East risks US STOCKS
26/5/2026,19:07:05,Wall St futures gain as AI optimism outweighs Middle East risks US STOCKS
26/5/2026,17:43:42,RUSSELL 2000 FUTURES UP 1%
26/5/2026,17:37:08,Wall St futures gain on US-Iran peace talk hopes US STOCKS
26/5/2026,16:02:04,"U.S. S&P 500 E-MINI FUTURES UP 0.5%, NASDAQ 100 FUTURES ADD 0.7%, DOW FUTURES UP 0.5%"
25/5/2026,9:03:27,"S&P 500 FUTURES RISE ABOUT 0.7%, NASDAQ FUTURES UP 1.2% S&P 500 FUTURES RISE ABOUT 0.5% IN EARLY ASIA TRADE; NASDAQ 100 FUTURES UP 0.6%"
23/5/2026,4:30:33,"Wall Street rises, Dow hits record high as Middle East hopes lift sentiment US STOCKS"
23/5/2026,4:28:08,"FOR THE WEEK, UNOFFICIALLY, THE S&P ROSE 0.88%, THE DOW ADDED 2.31%, THE NASDAQ GAINED 0.45% RPT"
23/5/2026,4:28:08,"S&P 500 LOGGED ITS EIGHTH STRAIGHT WEEKLY GAIN, ITS LONGEST SINCE A NINE-WEEK STREAK ENDED IN DECEMBER 2023 RPT."
23/5/2026,4:28:07,"DOW JONES INDUSTRIAL AVERAGE CLINCHES RECORD CLOSING HIGH AT 50,579.70 (LAST CLOSING HIGH WAS MAY 21 NOT FEBRUARY 10) CORRECTION Wall Street rises, Dow hits record high as Middle East hopes lift sentiment US STOCKS"
23/5/2026,4:00:00,"DOW JONES .DJI UNOFFICIALLY CLOSES UP 323.64 POINTS, OR 0.64%, AT 50,609.30"
23/5/2026,4:00:00,"DOW JONES .DJI UNOFFICIALLY CLOSES UP 332.09 POINTS, OR 0.66 PERCENT, AT 50,617.75"
23/5/2026,4:00:00,"NASDAQ .IXIC UNOFFICIALLY CLOSES UP 60.74 POINTS, OR 0.23 PERCENT, AT 26,353.83"
23/5/2026,3:12:19,"Wall Street rises, Dow hits record high as Middle East hopes lift sentiment US STOCKS"
23/5/2026,1:28:18,"U.S. STOCKS EXTEND GAINS, DOW JONES .DJI UP 1.01%"
23/5/2026,1:28:18,"U.S. STOCKS EXTEND GAINS, DOW JONES .DJI UP 1.01 PCT"
22/5/2026,23:47:50,"Wall St climbs, Dow at record high with US-Iran talks in spotlight US STOCKS"
22/5/2026,23:31:39,CBOE VOLATILITY INDEX HITS MORE THAN TWO-WEEK LOW; LAST DOWN 0.2 POINTS AT 16.56
22/5/2026,21:58:47,"Wall St rises, Dow hits record high with U.S.-Iran talks in focus US STOCKS"
22/5/2026,21:33:02,"US STOCKS SNAPSHOT-Wall St rises at open, Dow hits record high"
22/5/2026,21:30:30,"DOW JONES .DJI UP 349.79 POINTS, OR 0.70 PERCENT, AT 50,635.45 AFTER MARKET OPEN"
22/5/2026,21:30:30,"S&P 500 .INX UP 32.96 POINTS, OR 0.44 %, AT 7,478.68 AFTER MARKET OPEN"
22/5/2026,21:30:30,"S&P 500 .INX UP 32.96 POINTS, OR 0.44 PERCENT, AT 7,478.68 AFTER MARKET OPEN"
22/5/2026,21:30:12,DOW JONES INDUSTRIAL AVERAGE HITS INTRADAY RECORD HIGH
22/5/2026,21:14:07,"U.S. STOCK INDEX FUTURES EXTEND GAINS STEADILY; S&P 500 E-MINI FUTURES AND NASDAQ 100 FUTURES UP 0.5%, DOW FUTURES UP 1%"
22/5/2026,20:24:39,Wall St eyes higher open as investors monitor US-Iran peace talks US STOCKS
22/5/2026,20:16:00,"U.S. STOCK INDEX FUTURES MOVE HIGHER; S&P 500 E-MINI AND NASDAQ 100 FUTURES UP 0.4% EACH, DOW FUTURES UP 0.7%"
22/5/2026,19:13:15,Wall St futures edge higher as investors monitor US-Iran peace talks US STOCKS
22/5/2026,18:33:08,"U.S. STOCK INDEX FUTURES DRIFT LOWER; NASDAQ 100 FUTURES FLAT, S&P 500 E-MINI FUTURES UP 0.1%, DOW FUTURES UP 0.2%"
22/5/2026,17:24:31,Wall St futures rise as markets monitor US-Iran peace talks US STOCKS
22/5/2026,16:00:29,"U.S. S&P 500 E-MINI FUTURES UP 0.3%, NASDAQ 100 FUTURES UP 0.5%, DOW FUTURES UP 0.3%"
22/5/2026,4:51:26,Wall St indexes end slightly higher as investors focus on Mideast peace hopes US STOCKS
22/5/2026,4:00:57,S&P 500 rises as investors focus on Mideast peace hopes as oil prices dip US STOCKS
22/5/2026,4:00:00,"S&P 500 .SPX UNOFFICIALLY CLOSES UP 12.87 POINTS, OR 0.17 PERCENT, AT 7,445.84"
22/5/2026,4:00:00,"DOW JONES .DJI UNOFFICIALLY CLOSES UP 285.79 POINTS, OR 0.57 PERCENT, AT 50,295.14"
22/5/2026,4:00:00,"DOW JONES .DJI UNOFFICIALLY CLOSES UP 294.78 POINTS, OR 0.59%, AT 50,304.13"
22/5/2026,4:00:00,"NASDAQ .IXIC UNOFFICIALLY CLOSES UP 30.80 POINTS, OR 0.12 PERCENT, AT 26,301.16"
22/5/2026,3:06:30,"Wall St turns modestly higher as investors bet on Mideast peace hopes, while oil prices dip US STOCKS"
22/5/2026,1:31:04,"U.S. STOCKS INDEXES TURN POSITIVE; S&P 500 UP 0.13%, NASDAQ UP 0.12%, DOW UP 0.33%"
22/5/2026,0:40:08,"Wall St falls as waning Mideast peace hopes fuel oil surge, inflation worries US STOCKS"
21/5/2026,22:24:16,Wall St slips as oil jumps on renewed Mideast concerns US STOCKS
21/5/2026,21:33:57,US STOCKS SNAPSHOT-Wall St opens lower as oil jumps on renewed Mideast concerns
21/5/2026,21:30:30,"NASDAQ .IXIC DOWN 146.48 POINTS, OR 0.56 PERCENT, AT 26,123.88 AFTER MARKET OPEN"
21/5/2026,21:30:30,"DOW JONES .DJI DOWN 147.10 POINTS, OR 0.29 PERCENT, AT 49,862.25 AFTER MARKET OPEN"
21/5/2026,21:30:30,"S&P 500 .INX DOWN 31.53 POINTS, OR 0.42 %, AT 7,401.44 AFTER MARKET OPEN"
21/5/2026,21:30:30,"S&P 500 .INX DOWN 31.53 POINTS, OR 0.42 PERCENT, AT 7,401.44 AFTER MARKET OPEN"
21/5/2026,21:18:43,Wall St eyes lower open as oil jumps on renewed Iran supply fears US STOCKS
21/5/2026,19:48:46,US stock futures slip as oil jumps on renewed Iran tensions US STOCKS
21/5/2026,18:38:05,"U.S. S&P 500 E-MINI FUTURES DOWN 0.25%, NASDAQ 100 FUTURES DOWN 0.35%, DOW FUTURES DOWN 0.09%"
21/5/2026,18:19:21,"US stock futures muted after Nvidia results; retail earnings, data in focus US STOCKS"
21/5/2026,16:00:40,"U.S. S&P 500 E-MINI FUTURES DOWN 0.1%, NASDAQ 100 FUTURES DOWN 0.2%, DOW FUTURES DOWN 0.2%"
21/5/2026,4:51:25,Wall St climbs 1% with chip stocks rallying before Nvidia results US STOCKS
21/5/2026,4:00:38,Wall St rises as chip stocks rally ahead of Nvidia results US STOCKS
21/5/2026,4:00:01,"S&P 500 .SPX UNOFFICIALLY CLOSES UP 79.15 POINTS, OR 1.08 PERCENT, AT 7,432.76"
21/5/2026,4:00:00,"DOW JONES .DJI UNOFFICIALLY CLOSES UP 648.22 POINTS, OR 1.31%, AT 50,012.10"
21/5/2026,4:00:00,"DOW JONES .DJI UNOFFICIALLY CLOSES UP 654.15 POINTS, OR 1.33 PERCENT, AT 50,018.03"
21/5/2026,4:00:00,"NASDAQ .IXIC UNOFFICIALLY CLOSES UP 394.17 POINTS, OR 1.52 PERCENT, AT 26,264.88"
21/5/2026,2:56:17,Wall St rises as chip stocks rally ahead of Nvidia results US STOCKS
21/5/2026,0:32:57,Wall St rises on chip rally ahead of Nvidia results US STOCKS
20/5/2026,23:15:47,"U.S. STOCKS EXTEND GAINS, DOW JONES .DJI UP 1.02 PCT"
20/5/2026,23:15:45,"U.S. STOCKS EXTEND GAINS, S&P 500 «SPX UP 1.00 PCT"
20/5/2026,22:53:49,"AVISO-Wall Street sube gracias al buen comportamiento del sector de los chips, a la espera de los resultados de Nvidia"
20/5/2026,22:47:36,AVVISO-Wall Street in rialzo grazie alla forza dei chip in vista dei risultati di Nvidia
20/5/2026,22:46:27,"AVISO-Wall Street sobe com a forga do setor de semicondutores antes da divulgagao dos resultados da Nvidia U.S. STOCKS EXTEND GAINS, NASDAQ IXIC UP 1.00%"
20/5/2026,22:30:56,"U.S. STOCKS EXTEND GAINS, NASDAQ IXIC UP 1.00 PCT"
20/5/2026,22:27:59,SKEASU-NVIDIA® REBSER IBA. HE BAORACEH Se ERI. 7 4 IF lS ER LIE
20/5/2026,22:27:54,O] ZAl-OlH|C]OF ALA Bh Ore vem] S04 glo} BF Th AteS
20/5/2026,22:27:39,"HRT - ae RARER RIS , SZ igiaesateix, maser Lak"
20/5/2026,22:27:39,"Hh - Ee PAM STERIS GA REE, Sentara Lak"
20/5/2026,22:27:19,"MARCHES BOURSIERS AMERICAINS-Wall Street progresse grace a la bonne tenue du secteur des puces électroniques, dans l'attente des résultats de Nvidia"
20/5/2026,22:26:29,US-AKTIEN-Wall Street legt dank starker Chipaktien vor der Verdffentlichung der Nvidia-Ergebnisse zu Wall St rises on chips' strength ahead of Nvidia results US STOCKS
20/5/2026,21:34:37,"US STOCKS SNAPSHOT-S&P 500, Nasdaq open higher as chip stocks gain ahead of Nvidia results"
20/5/2026,21:30:30,"NASDAQ .IXIC UP 123.58 POINTS, OR 0.48 PERCENT, AT 25,994.29 AFTER MARKET OPEN"
20/5/2026,21:30:30,"DOW JONES .DJI UP 95.14 POINTS, OR 0.19 PERCENT, AT 49,459.02 AFTER MARKET OPEN S&P 500 .INX UP 21.22 POINTS, OR 0.29 PERCENT, AT 7,374.83 AFTER MARKET OPEN"
20/5/2026,21:30:30,"S&P 500 .INX UP 21.22 POINTS, OR 0.29 %, AT 7,374.83 AFTER MARKET OPEN"
20/5/2026,20:54:19,"FARA RES, SSA EREBD, SSR MET ae"
20/5/2026,20:54:19,"FERRER, RAMIRERD, SERRE T"
20/5/2026,20:54:04,O|S =A\-Cb|Clo} AA PES IST HEA SME A7AtSAl SS —s a 24 gs
20/5/2026,20:54:01,SREPARSU-NVIDIAR EHS 2 SEARLE A 74+ Js (SE CRS PRAO FAI L
20/5/2026,20:53:49,"MARCHES BOURSIERS AMERICAINS-Wall Street devrait ouvrir en hausse, les valeurs du secteur des semi-conducteurs rebondissant avant la publication des résultats de Nvidia"
20/5/2026,20:53:48,"BOLSA EUA-Wall Street deve abrir em alta, com as acgdes de empresas de semicondutores em alta antes dos resultados da Nvidia"
20/5/2026,20:53:46,"BOLSA DE EEUU-Se prevé que Wall Street abra al alza, impulsado por el repunte de las acciones del sector de los semiconductores a la espera de los resultados de Nvidia"
20/5/2026,20:52:57,"US-AKTIEN-Die Wall Street diirfte héher erdffnen, da Chip-Aktien im Vorfeld der Nvidia-Ergebnisse zulegen"
20/5/2026,20:52:51,Wall St set to open higher as chip stocks rally ahead of Nvidia results US STOCKS
20/5/2026,19:53:20,Wall Street futures climb as chip stocks rebound ahead of Nvidia results US STOCKS
20/5/2026,18:05:08,US stock futures climb as chip stocks rebound ahead of Nvidia results US STOCKS
20/5/2026,16:00:58,"U.S. S&P 500 E-MINI FUTURES UP 0.1%, NASDAQ 100 FUTURES UP 0.4%, DOW FUTURES DOWN 0.05%"
20/5/2026,4:31:39,Wall St ends lower as inflation worries push up yields US STOCKS
20/5/2026,4:00:48,Wall St slips as inflation worries push yields higher US STOCKS
20/5/2026,4:00:01,"NASDAQ .IXIC UNOFFICIALLY CLOSES DOWN 233.06 POINTS, OR 0.89 PERCENT, AT 25,857.68"
20/5/2026,4:00:01,"S&P 500 .SPX UNOFFICIALLY CLOSES DOWN 49.98 POINTS, OR 0.68 PERCENT, AT 7,353.07"
20/5/2026,4:00:00,"DOW JONES .DJI UNOFFICIALLY CLOSES DOWN 354.22 POINTS, OR 0.71%, AT 49,331.90"
20/5/2026,4:00:00,"DOW JONES .DJI UNOFFICIALLY CLOSES DOWN 322.02 POINTS, OR 0.65 PERCENT, AT 49,364.10"
20/5/2026,2:50:18,Wall St slips as inflation worries push yields higher US STOCKS
20/5/2026,1:26:24,"U.S. STOCKS PARE LOSSES, S&P 500 DOWN 0.15%, NASDAQ DOWN 0.25%, DOW DOWN 0.21%"
20/5/2026,0:25:52,Wall St slips as inflation worries push yields to new highs US STOCKS
19/5/2026,22:38:19,Wall St slips as inflation fears push yields higher US STOCKS
19/5/2026,22:06:12,"U.S. STOCKS EXTEND FALL, NASDAQ -IXIC DOWN 1.00%"
19/5/2026,22:06:12,"U.S. STOCKS EXTEND FALL, NASDAQ -IXIC DOWN 1.00 PCT"
19/5/2026,21:33:47,"US STOCKS SNAPSHOT-S&P 500 and Nasdaq open lower as chip stocks drag, inflation fears persist"
19/5/2026,21:30:30,"NASDAQ .IXIC DOWN 157.13 POINTS, OR 0.60 PERCENT, AT 25,933.61 AFTER MARKET OPEN"
19/5/2026,21:30:30,"DOW JONES .DJI DOWN 232.44 POINTS, OR 0.47 PERCENT, AT 49,453.68 AFTER MARKET OPEN S&P 500 .INX DOWN 34.03 POINTS, OR 0.46 PERCENT, AT 7,369.02 AFTER MARKET OPEN"
19/5/2026,21:30:30,"S&P 500 .INX DOWN 34.03 POINTS, OR 0.46 %, AT 7,369.02 AFTER MARKET OPEN"
19/5/2026,21:01:46,"Wall St eyes lower open on extended chip selloff, inflation concerns US STOCKS US stock futures fall on extended chip losses, inflation worries US STOCKS"
19/5/2026,18:12:44,"US stock futures fall as chips extend slide, inflation worries persist US STOCKS"
19/5/2026,16:32:24,U.S. STOCK INDEX FUTURES TURN NEGATIVE
19/5/2026,16:32:24,"S&P 500 E-MINI FUTURES DOWN 0.2%, NASDAQ 100 FUTURES DOWN 0.3%, DOW FUTURES DOWN 0.08%"
19/5/2026,16:00:52,"U.S. S&P 500 E-MINI FUTURES UP 0.07%, NASDAQ 100 FUTURES UP 0.06%, DOW FUTURES UP 0.14%"
19/5/2026,4:55:26,"Nasdaq leads equity losses with oil, borrowing costs in focus US STOCKS"
19/5/2026,4:00:38,"Nasdaq falls as technology stocks slide, Treasury yields climb US STOCKS"
19/5/2026,4:00:00,"NASDAQ .IXIC UNOFFICIALLY CLOSES DOWN 148.93 POINTS, OR 0.57 PERCENT, AT 26,076.21"
19/5/2026,4:00:00,"S&P 500 .SPX UNOFFICIALLY CLOSES DOWN 6.69 POINTS, OR 0.09 PERCENT, AT 7,401.81"
19/5/2026,4:00:00,"DOW JONES .DJI UNOFFICIALLY CLOSES UP 153.76 POINTS, OR 0.31 PERCENT, AT 49,679.93"
19/5/2026,4:00:00,"DOW JONES .DJI UNOFFICIALLY CLOSES UP 128.46 POINTS, OR 0.26%, AT 49,654.63"
19/5/2026,2:38:44,"S&P 500, Nasdaq fall as chip stocks slide, Treasury yields climb US STOCKS"
19/5/2026,0:37:01,"Wall St extends losses as chip stocks slide, Treasury yields climb US STOCKS"
19/5/2026,0:27:03,"U.S. STOCKS EXTEND FALL, NASDAQ -IXIC DOWN 1.00%"
19/5/2026,0:27:03,"U.S. STOCKS EXTEND FALL, NASDAQ -IXIC DOWN 1.00 PCT"
18/5/2026,22:38:34,"Wall Street mixed as Treasury yields ease, oil prices retreat US STOCKS"
18/5/2026,21:34:26,"US STOCKS SNAPSHOT-S&P 500, Nasdaq open higher as chips rebound, yields retreat"
18/5/2026,21:30:30,"NASDAQ .IXIC UP 32.05 POINTS, OR 0.12 PERCENT, AT 26,257.20 AFTER MARKET OPEN"
18/5/2026,21:30:30,"DOW JONES .DJI UP 18.21 POINTS, OR 0.04 PERCENT, AT 49,544.38 AFTER MARKET OPEN"
18/5/2026,21:30:30,"S&P 500 .INX UP 4.51 POINTS, OR 0.06 PERCENT, AT 7,413.01 AFTER MARKET OPEN"
18/5/2026,21:30:30,"S&P 500 .INX UP 4.51 POINTS, OR 0.06 %, AT 7,413.01 AFTER MARKET OPEN"
18/5/2026,21:19:19,"Wall St set to open higher as chips rebound, yields retreat US STOCKS"
18/5/2026,20:53:33,"S&P 500 E-MINI FUTURES UP 0.2%, NASDAQ 100 FUTURES UP 0.5%, DOW FUTURES UP 0.05%"
18/5/2026,20:53:32,U.S. STOCK INDEX FUTURES TURN POSITIVE
18/5/2026,20:41:30,"NASDAQ 100 FUTURES TURN POSITIVE, LAST UP 0.19%"
18/5/2026,19:50:45,"S&P 500 E-MINI FUTURES DOWN 0.2%, NASDAQ 100 FUTURES DOWN 0.2%, DOW FUTURES DOWN 0.4%"
18/5/2026,19:50:44,"U.S. STOCK INDEX FUTURES PARE LOSSES SLIGHTLY Wall Street futures slip as higher yields, oil prices weigh US STOCKS"
18/5/2026,18:15:04,"US stock futures slip as yields, oil prices climb US STOCKS"
18/5/2026,16:01:18,"U.S. S&P 500 E-MINI FUTURES DOWN 0.4%, NASDAQ 100 FUTURES DOWN 0.3%, DOW FUTURES DOWN 0.6%"
16/5/2026,4:20:20,Wall Street ends lower on mounting inflation worries US STOCKS
16/5/2026,4:01:51,NASDAQ SNAPS 6-WEEK STREAK OF GAINS
16/5/2026,4:01:51,"UNOFFICIALLY, FOR THE WEEK, THE S&P 500 GAINED 0.13%, THE NASDAQ DECLINED 0.08%, AND THE DOW FELL 0.17%"
16/5/2026,4:01:50,"S&P 500 RECORDS SEVENTH STRAIGHT WEEKLY GAIN, LONGEST SINCE 9-WEEK STREAK ENDED DECEMBER 2023"
16/5/2026,4:00:43,Wall Street ends lower on mounting inflation worries US STOCKS
16/5/2026,4:00:01,"DOW JONES .DJI UNOFFICIALLY CLOSES DOWN 519.87 POINTS, OR 1.04 PERCENT, AT 49,543.59"
16/5/2026,4:00:00,"S&P 500 .SPX UNOFFICIALLY CLOSES DOWN 91.22 POINTS, OR 1.22 PERCENT, AT 7,410.02"
16/5/2026,4:00:00,"DOW JONES .DJI UNOFFICIALLY CLOSES DOWN 517.28 POINTS, OR 1.03%, AT 49,546.18"
16/5/2026,4:00:00,"NASDAQ .IXIC UNOFFICIALLY CLOSES DOWN 402.48 POINTS, OR 1.51 PERCENT, AT 26,232.75"
16/5/2026,2:38:02,Wall Street pulls back from all-time highs on inflation worries US STOCKS
16/5/2026,0:31:02,Wall St retreats as rising yields test AI- fueled gains US STOCKS
15/5/2026,22:36:12,Wall St falls as higher yields threaten AI- led rally US STOCKS
15/5/2026,21:47:17,"U.S. STOCKS EXTEND FALL, NASDAQ -IXIC DOWN 2.01 PCT"
15/5/2026,21:43:35,"U.S. STOCKS EXTEND FALL, DOW JONES -DJI DOWN 1.00 PCT"
15/5/2026,21:35:15,US STOCKS SNAPSHOT-Wall St drop at open as yields jump on inflation worries
15/5/2026,21:31:04,"U.S. STOCKS EXTEND FALL, S&P 500 «SPX DOWN 1.00 PCT"
15/5/2026,21:30:30,"U.S. STOCKS EXTEND FALL, NASDAQ -IXIC DOWN 1.42%"
15/5/2026,21:30:30,"DOW JONES .DJI DOWN 330.12 POINTS, OR 0.66 PERCENT, AT 49,733.34 AFTER MARKET OPEN"
15/5/2026,21:30:30,"S&P 500 .INX DOWN 70.28 POINTS, OR 0.94 %, AT 7,430.96 AFTER MARKET OPEN"
15/5/2026,21:30:30,"S&P 500 .INX DOWN 70.28 POINTS, OR 0.94 PERCENT, AT 7,430.96 AFTER MARKET OPEN"
15/5/2026,20:51:14,Wall Street set to drop at open as yields jump on inflation worries US STOCKS
15/5/2026,20:37:21,"S&P 500 E-MINI FUTURES DOWN 1.2%, NASDAQ 100 FUTURES DOWN 1.8%, DOW FUTURES DOWN 0.9%"
15/5/2026,20:37:20,U.S. STOCK INDEX FUTURES EXTEND LOSSES
15/5/2026,20:21:02,"CBOE VOLATILITY INDEX CLIMBS TO OVER TWO-WEEK HIGH, LAST UP 1.90 POINTS AT 19.16"
15/5/2026,19:37:50,"Nasdaq, S&P 500 futures tumble as yields jump on inflation worries US STOCKS"
15/5/2026,17:56:17,"Nasdaq, S&P 500 futures tumble as yields jump on inflation worries US STOCKS"
15/5/2026,16:00:56,"U.S. S&P 500 E-MINI FUTURES DOWN 0.7%, NASDAQ 100 FUTURES DOWN 1%, DOW FUTURES DOWN 0.5% Wall Street ends higher on tech rally; investors eye Beijing talks US STOCKS"
15/5/2026,4:00:31,Wall Street ends higher on tech rally; investors eye Beijing talks US STOCKS
15/5/2026,4:00:00,"NASDAQ .IXIC UNOFFICIALLY CLOSES UP 230.11 POINTS, OR 0.87 PERCENT, AT 26,632.45"
15/5/2026,4:00:00,"DOW JONES .DJI UNOFFICIALLY CLOSES UP 356.50 POINTS, OR 0.72 PERCENT, AT 50,049.70"
15/5/2026,4:00:00,"DOW JONES .DJI UNOFFICIALLY CLOSES UP 362.57 POINTS, OR 0.73%, AT 50,055.77"
15/5/2026,2:32:38,"S&P 500, Nasdaq rally on tech boost; investors eye Beijing talks US STOCKS"
15/5/2026,0:35:42,"S&P 500, Nasdaq hit record highs as Nvidia rally powers tech gains US STOCKS"
15/5/2026,0:06:16,"U.S. STOCKS EXTEND GAINS, DOW JONES .DJI UP 1.01 PCT U.S. STOCKS EXTEND GAINS, NASDAQ -IXIC UP 1.00%"
14/5/2026,23:18:41,"U.S. STOCKS EXTEND GAINS, NASDAQ -IXIC UP 1.00 PCT"
14/5/2026,22:15:27,"Wall St extends rally as Nvidia gains; US- China talks, data in focus US STOCKS"
14/5/2026,21:32:44,"US STOCKS SNAPSHOT-Wall St opens higher as Nvidia gains; US-China talks, data in focus"
14/5/2026,21:30:30,"NASDAQ .IXIC UP 40.44 POINTS, OR 0.15 PERCENT, AT 26,442.79 AFTER MARKET OPEN"
14/5/2026,21:30:30,"DOW JONES .DJI UP 373.47 POINTS, OR 0.75 PERCENT, AT 50,066.67 AFTER MARKET OPEN"
14/5/2026,21:30:30,"S&P 500 .INX UP 20.43 POINTS, OR 0.27 %, AT 7,464.68 AFTER MARKET OPEN"
14/5/2026,21:30:30,"S&P 500 .INX UP 20.43 POINTS, OR 0.27 PERCENT, AT 7,464.68 AFTER MARKET OPEN"
14/5/2026,21:15:37,"Wall St set for higher open as Nvidia gains; US-China talks, data in focus US STOCKS"
14/5/2026,21:12:24,"NASDAQ 100 FUTURES TURN NEGATIVE, LAST DOWN 0.06%"
14/5/2026,20:31:19,"U.S. STOCK INDEX FUTURES HOLD GAINS AFTER APRIL RETAIL SALES, WEEKLY JOBLESS CLAIMS DATA"
14/5/2026,20:26:46,"S&P 500, Nasdaq futures rise to new highs as Nvidia jumps CORRECTED US STOCKS"
14/5/2026,16:01:20,"U.S. S&P 500 E-MINI FUTURES UP 0.2%, NASDAQ 100 FUTURES UP 0.4%, DOW FUTURES UP 0.3%"
14/5/2026,4:25:03,"S&P 500, Nasdaq boosted by chips to record closing highs US STOCKS"
14/5/2026,4:00:46,"S&P 500, Nasdaq boosted by chips to record closing highs; hot inflation report kills rate-cut hopes US STOCKS"
14/5/2026,4:00:00,"DOW JONES .DJI UNOFFICIALLY CLOSES DOWN 78.26 POINTS, OR 0.16 PERCENT, AT 49,682.30"
14/5/2026,4:00:00,"DOW JONES .DJI UNOFFICIALLY CLOSES DOWN 81.43 POINTS, OR 0.16%, AT 49,679.13"
14/5/2026,4:00:00,"NASDAQ .IXIC UNOFFICIALLY CLOSES UP 316.17 POINTS, OR 1.21 PERCENT, AT 26,404.37"
14/5/2026,4:00:00,"S&P 500 .SPX UNOFFICIALLY CLOSES UP 43.62 POINTS, OR 0.59 PERCENT, AT 7,444.58"
14/5/2026,2:28:40,"S&P 500, Nasdaq rise on chip strength; hot inflation report kills rate-cut hopes US STOCKS"
14/5/2026,0:24:11,"U.S. STOCKS EXTEND GAINS, NASDAQ -IXIC UP 1.02%"
14/5/2026,0:24:11,"U.S. STOCKS EXTEND GAINS, NASDAQ -IXIC UP 1.02 PCT"
13/5/2026,23:34:36,S&P 500 holds near record highs as tech boost offsets hot inflation data US STOCKS
13/5/2026,22:03:58,S&P 500 slips as hot inflation data signals rates to stay on hold US STOCKS
13/5/2026,21:32:09,US STOCKS SNAPSHOT-S&P 500 opens muted as hot inflation data signals rates to stay on hold
13/5/2026,21:30:30,"DOW JONES .DJI DOWN 182.73 POINTS, OR 0.37 PERCENT, AT 49,577.83 AFTER MARKET OPEN"
13/5/2026,21:30:30,"S&P 500 .INX UP 0.71 POINTS, OR 0.01 PERCENT, AT 7,401.67 AFTER MARKET OPEN"
13/5/2026,21:30:30,"NASDAQ .IXIC UP 51.30 POINTS, OR 0.20 %, AT 26,139.50 AFTER MARKET OPEN"
13/5/2026,21:30:30,"NASDAQ .IXIC UP 51.30 POINTS, OR 0.20 PERCENT, AT 26,139.50 AFTER MARKET OPEN"
13/5/2026,21:14:51,S&P 500 eyes muted open as hot inflation data signals rates to stay on hold US STOCKS
13/5/2026,20:34:20,US STOCKS SNAPSHOT-S&P 500 futures turn negative after April PPI data
13/5/2026,20:30:28,S&P 500 E-MINI FUTURES PARE GAINS AFTER APRIL PRODUCER PRICES DATA
13/5/2026,20:03:10,"S&P 500, Nasdaq futures rise ahead of key data, Trump's China visit US STOCKS"
13/5/2026,18:08:57,"S&P 500, Nasdaq futures rise ahead of key data, Trump's China visit US STOCKS"
13/5/2026,16:01:05,"U.S. S&P 500 E-MINI FUTURES UP 0.3%, NASDAQ 100 FUTURES UP 0.7%, DOW FUTURES UP 0.01%"
13/5/2026,4:21:16,"S&P 500, Nasdaq end lower as inflation, Iran tensions weigh US STOCKS"
13/5/2026,4:00:40,"S&P 500, Nasdaq end lower as inflation, Iran tensions weigh US STOCKS"
13/5/2026,4:00:01,"DOW JONES .DJI UNOFFICIALLY CLOSES UP 103.42 POINTS, OR 0.21%, AT 49,807.89"
13/5/2026,4:00:01,"DOW JONES .DJI UNOFFICIALLY CLOSES UP 63.84 POINTS, OR 0.13 PERCENT, AT 49,768.31"
13/5/2026,4:00:00,"S&P 500 .SPX UNOFFICIALLY CLOSES DOWN 11.38 POINTS, OR 0.15 PERCENT, AT 7,401.46"
13/5/2026,4:00:00,"NASDAQ .IXIC UNOFFICIALLY CLOSES DOWN 194.99 POINTS, OR 0.74 PERCENT, AT 26,079.14"
13/5/2026,2:37:33,"Wall Street slips as inflation, Iran tensions weigh US STOCKS"
13/5/2026,1:12:50,"NASDAQ 100 EXTENDS LOSSES, LAST DOWN 2.1%"
13/5/2026,0:43:04,"Wall St falls as hot inflation, Iran tensions weigh US STOCKS"
12/5/2026,23:25:52,"U.S. STOCKS EXTEND FALL, S&P 500 «SPX DOWN 1.00 PCT"
12/5/2026,22:29:03,"U.S. STOCKS EXTEND FALL, NASDAQ -IXIC DOWN 1.00%"
12/5/2026,22:29:03,"U.S. STOCKS EXTEND FALL, NASDAQ -IXIC DOWN 1.00 PCT"
12/5/2026,22:20:25,"Wall St falls as hot CPI, Iran tensions weigh on sentiment US STOCKS"
12/5/2026,21:35:54,"US STOCKS SNAPSHOT-S&P 500, Nasdaq open lower after April inflation data; Mideast in focus"
12/5/2026,21:30:30,"NASDAQ .IXIC DOWN 196.32 POINTS, OR 0.75 PERCENT, AT 26,077.81 AFTER MARKET OPEN"
12/5/2026,21:30:30,"DOW JONES .DJI DOWN 28.35 POINTS, OR 0.06 PERCENT, AT 49,676.12 AFTER MARKET OPEN S&P 500 .INX DOWN 26.30 POINTS, OR 0.35 PERCENT, AT 7,386.54 AFTER MARKET OPEN S&P 500 .INX DOWN 26.30 POINTS, OR 0.35 %, AT 7,386.54 AFTER MARKET OPEN"
12/5/2026,21:16:54,"Wall St set for lower open after April inflation data, Mideast in focus US STOCKS"
12/5/2026,21:02:20,DOW FUTURES TURN POSITIVE
12/5/2026,20:41:22,US STOCKS SNAPSHOT-US stock futures hold losses after April inflation data
12/5/2026,20:32:34,U.S. STOCK INDEX FUTURES EXTEND LOSSES SLIGHTLY AFTER APRIL CPI DATA
12/5/2026,19:23:01,Wall St futures fall as AI rally cools; inflation data in focus US STOCKS
12/5/2026,18:04:41,Wall St futures fall as AI rally cools; inflation data in focus US STOCKS
12/5/2026,17:24:27,CBOE VOLATILITY INDEX HITS ONE- WEEK HIGH; LAST UP 0.53 POINTS AT 18.91
12/5/2026,16:01:10,"S&P 500 E-MINI FUTURES DOWN 0.3%, NASDAQ 100 FUTURES DOWN 0.6%, DOW FUTURES DOWN 0.04%"
12/5/2026,4:28:02,"Wall St inches to higher close, AI fervor edges out Iran impasse US STOCKS"
12/5/2026,4:00:30,"S&P 500 inches to higher close, AI fervor edges out Iran impasse US STOCKS"
12/5/2026,4:00:01,"S&P 500 .SPX UNOFFICIALLY CLOSES UP 12.13 POINTS, OR 0.16 PERCENT, AT 7,411.06"
12/5/2026,4:00:00,"NASDAQ .IXIC UNOFFICIALLY CLOSES UP 14.47 POINTS, OR 0.06 PERCENT, AT 26,261.55"
12/5/2026,4:00:00,"DOW JONES .DJI UNOFFICIALLY CLOSES UP 78.47 POINTS, OR 0.16 PERCENT, AT 49,687.63"
12/5/2026,4:00:00,"DOW JONES .DJI UNOFFICIALLY CLOSES UP 90.61 POINTS, OR 0.18%, AT 49,699.77"
12/5/2026,2:34:47,"S&P 500, Nasdaq reach record highs as AI fervor overshadows Iran impasse US STOCKS"
12/5/2026,0:31:02,"S&P 500, Nasdaq hit record highs as chip strength offsets Iran worries US STOCKS"
11/5/2026,23:51:34,S&P 500 AND NASDAQ EXTEND GAINS; LAST UP 0.3%
11/5/2026,22:28:00,Wall St pauses after record run as U.S.- Iran talks stall US STOCKS
11/5/2026,21:33:46,US STOCKS SNAPSHOT-Wall St slips at open as US-Iran impasse lifts oil
11/5/2026,21:30:30,"NASDAQ .IXIC DOWN 102.09 POINTS, OR 0.39 PERCENT, AT 26,144.99 AFTER MARKET OPEN"
11/5/2026,21:30:30,"DOW JONES .DJI UP 14.08 POINTS, OR 0.03 PERCENT, AT 49,623.24 AFTER MARKET OPEN"
11/5/2026,21:30:30,"S&P 500 .INX DOWN 10.01 POINTS, OR 0.14 %, AT 7,388.92 AFTER MARKET OPEN"
11/5/2026,21:30:30,"S&P 500 .INX DOWN 10.01 POINTS, OR 0.14 PERCENT, AT 7,388.92 AFTER MARKET OPEN"
11/5/2026,20:52:28,Wall St set for subdued open as US-Iran impasse lifts oil US STOCKS
11/5/2026,19:33:23,Wall St futures subdued as U.S.-Iran talks stall Us STOCKS
11/5/2026,18:18:20,U.S. stock futures subdued as talks with Iran stall US STOCKS
11/5/2026,16:00:42,"S&P 500 E-MINI FUTURES DOWN 0.06%, NASDAQ 100 FUTURES FLAT, DOW FUTURES DOWN 0.12%"
11/5/2026,5:56:43,Se -AlSt AA S2Ol al o 20} S&P 500i LEAEFO] Att SWANS SARICt
9/5/2026,4:59:44,"AVISO-S&P 500 e Nasdaq atingem recordes, impulsionados por inteligéncia artificial e otimismo em relacdo aos lucros. MASP -LA Ris FP L-ZA LS SEALARFIFRRAiEiR, ES SOOHSSUALNAT iZneWal TESA"
9/5/2026,4:38:06,"REBP-LA MaTMP LA-ZA LE RETR Ae, tS SOOHSENAAET iATENe) RASA MARCHES BOURSIERS AMERICAINS-Le S&P 500 et le Nasdaq atteignent des niveaux records, portés par I'IA et l'optimisme concernant les résultats"
9/5/2026,4:22:13,"MERCATO AZIONARIO STATUNITENSE- L'S&P 500 e il Nasdaq registrano nuovi record, sostenuti dall'ottimismo sull'intelligenza artificiale e sugli utili SREERSL-AI ESESEAR FRAGA FU LIMA SN, S&P H500EFARY 7H BARRE Ba"
9/5/2026,4:21:59,"BOLSA DE EEUU-EI S&P 500 y el Nasdaq alcanzan maximos histéricos, impulsados por la inteligencia artificial y el optimismo en torno a los resultados empresariales"
9/5/2026,4:21:19,"US-AKTIEN-S&P 500 und Nasdaq erreichen neue Héchststande, befliigelt von KI und Gewinnoptimismus"
9/5/2026,4:21:12,"S&P 500 and Nasdaq notch records, boosted by AI and earnings optimism US STOCKS"
9/5/2026,4:01:54,Os FA\-Alst BA SAO} ol a 9! a Of S&P 500z} LEAS] Are 4] a14] 2 eS ASHE OoOtnK t
9/5/2026,4:01:29,"BOLSA DE EEUU-El S&P 500 y el Nasdaq alcanzan maximos histéricos, impulsados por la inteligencia artificial y el optimismo en torno a los resultados empresariales"
9/5/2026,4:01:29,"ARERSL-AL BSRSRA OD FRERBI LIEMA SH, SBP 50EFARY 7H iaARRIEe SM"
9/5/2026,4:01:27,"HlRh-ZA TL SRR, OOOH MARTE TESA RES AT"
9/5/2026,4:01:27,"RHKb-2A LSA ETS, tn S500 NMA Te NON Rip Sars"
9/5/2026,4:01:23,"MARCHES BOURSIERS AMERICAINS-Le S&P 500 et le Nasdaq atteignent des niveaux records, portés par I'IA et l'optimisme concernant les résultats"
9/5/2026,4:01:20,"BOLSA EUA-S&P 500 e Nasdaq atingem recordes, impulsionados por inteligéncia artificial e otimismo em relacdo aos lucros."
9/5/2026,4:01:19,"MERCATO AZIONARIO STATUNITENSE- L’IS&P 500 e il Nasdaq registrano nuovi record, sostenuti dall'ottimismo sull'intelligenza artificiale e sugli utili"
9/5/2026,4:00:56,"S&P 500 AND NASDAQ RECORD SIXTH STRAIGHT WEEK OF GAINS, LONGEST SINCE OCTOBER 2024"
9/5/2026,4:00:55,"UNOFFICIALLY, FOR THE WEEK, THE S&P 500 GAINED 2.33%, THE NASDAQ ROSE 4.51%, AND THE DOW CLIMBED 0.22%"
9/5/2026,4:00:48,"US-AKTIEN-S&P 500 und Nasdaq erreichen neue Hochststande, befltigelt von KI und Gewinnoptimismus"
9/5/2026,4:00:37,"S&P 500 and Nasdaq notch records, boosted by AI and earnings optimism US STOCKS"
9/5/2026,4:00:00,"NASDAQ .IXIC UNOFFICIALLY CLOSES UP 438.63 POINTS, OR 1.70 PERCENT, AT 26,244.82"
9/5/2026,4:00:00,"S&P 500 .SPX UNOFFICIALLY CLOSES UP 60.58 POINTS, OR 0.83 PERCENT, AT 7,397.69"
9/5/2026,4:00:00,"DOW JONES .DJI UNOFFICIALLY CLOSES UP 0.67 POINTS, OR 0.00%, AT 49,597.64"
9/5/2026,2:27:21,"S&P 500 and Nasdaq hit records, boosted by AI and earnings optimism US STOCKS"
9/5/2026,0:11:30,BOLSA EUA-S&P 500 e Nasdaq atingem recordes histdricos impulsionados pela alta das agdes de tecnologia e dados robustos de emprego.
9/5/2026,0:11:11,MERCATO AZIONARIO STATUNITENSE- L'S&P 500 e il Nasdaq hanno toccato nuovi massimi storici grazie al rialzo del settore tecnologico e ai dati positivi sull'occupazione
9/5/2026,0:10:50,BOLSA DE EEUU-EI S&P 500 y el Nasdaq alcanzan maximos histdricos gracias al repunte del sector tecnoldgico y a los sdlidos datos de empleo
9/5/2026,0:10:43,OS FA\-71SF SSM SEM DS A| HO] ZB 2!01 S&P 500 Alef LEAF Al F7EAS SAS SARCt
9/5/2026,0:10:39,"FBIRTh-SE A CaaS RS te, PRS SOOH AIMS eee BE pei"
9/5/2026,0:10:39,"HRT -SE Ba CAGES al ate tk, ERESSOOHSAAANTIA SANE! RD Site"
9/5/2026,0:10:35,MARCHES BOURSIERS AMERICAINS-Le S&P 500 et le Nasdaq ont atteint des niveaux records grace a la reprise du secteur technologique et a la publication de chiffres de l'emploi encourageants
9/5/2026,0:10:33,"ORE) 1 7 7 ERO Fale BESS EFS GEEZ, S&P SOME FAR YTD Hrd. me FER O AR a Ba Le"
9/5/2026,0:09:31,"S&P 500, Nasdaq hit record highs on tech rally, strong jobs data US STOCKS"
8/5/2026,22:59:04,AVVISO-L'S&P 500 e il Nasdaq hanno toccato nuovi massimi grazie al rialzo dei titoli tecnologici e ai dati sull'occupazione che hanno risollevato il morale degli investitori
8/5/2026,22:45:05,AVISO-El S&P 500 y el Nasdaq alcanzan nuevos maximos gracias al optimismo generado por las acciones tecnoldgicas y los datos de empleo
8/5/2026,22:30:18,"AVISO-O S&P 500 e o Nasdaq atingiram novos picos, impulsionados por agdes de tecnologia e dados de emprego que melhoraram o otimismo."
8/5/2026,22:21:41,O|= TA ZAlL 7SFS} 1S ANBAANS A 2|3 2032/4 Sep 500 Al 2} L$-AS RU 7t AMS AIDALS BABE
8/5/2026,22:21:28,"MARCHES BOURSIERS AMERICAINS-Le S&P 500 et le Nasdaq atteignent de nouveaux sommets, portés par les valeurs technologiques et les chiffres de l'emploi"
8/5/2026,22:21:26,"Hlikh-Se Rina, Hs SOOPER SeHSEAl Ratti"
8/5/2026,22:21:26,"SHRHh-Ze RARER, tes SOOPSRURARTIA TeaENE! Ravi"
8/5/2026,22:21:13,KER 41 7 7 RR Stat oO Thi IB HA LL. S&P SO0HERC + AX YT BARE SR
8/5/2026,22:20:41,"US-AKTIEN-S&P 500 und Nasdaq erreichen neue Hoéchststande, da Technologieaktien und Arbeitsmarktdaten die Stimmung befliigeln"
8/5/2026,22:20:26,"S&P 500, Nasdaq hit fresh peaks as tech stocks, jobs data lift sentiment US STOCKS"
8/5/2026,21:47:57,"NASDAQ HITS INTRADAY RECORD HIGH, LAST UP 1.2%"
8/5/2026,21:45:04,"U.S. STOCKS EXTEND GAINS, NASDAQ -IXIC UP 1.00%"
8/5/2026,21:45:04,"U.S. STOCKS EXTEND GAINS, NASDAQ -IXIC UP 1.00 PCT"
8/5/2026,21:33:16,"US STOCKS SNAPSHOT-Wall St opens higher after jobs data, chip rebound"
8/5/2026,21:30:30,"NASDAQ .IXIC UP 138.76 POINTS, OR 0.54 PERCENT, AT 25,944.96 AFTER MARKET OPEN"
8/5/2026,21:30:30,"DOW JONES .DJI UP 225.56 POINTS, OR 0.45 PERCENT, AT 49,822.53 AFTER MARKET OPEN"
8/5/2026,21:30:30,"S&P 500 .INX UP 31.76 POINTS, OR 0.43 PERCENT, AT 7,368.87 AFTER MARKET OPEN"
8/5/2026,21:30:30,"S&P 500 .INX UP 31.76 POINTS, OR 0.43 %, AT 7,368.87 AFTER MARKET OPEN"
8/5/2026,21:08:46,"O]> FA-SACl US AHL} HEA! 2 3|5O] 2A a7, ss SE US"
8/5/2026,21:08:41,BOLSA EUA-Wall Street deve abrir em alta apos fortes dados de emprego e recuperagao do setor de semicondutores
8/5/2026,21:08:31,AKERS Salo ER Stat SAT O YB S20) 74 Ils SE CHS Pata o 4 FL
8/5/2026,21:08:29,MARCHES BOURSIERS AMERICAINS-Wall Street devrait ouvrir en hausse aprés la publication de chiffres de l'emploi encourageants et la reprise du secteur des semi-conducteurs
8/5/2026,21:08:27,MERCATO AZIONARIO STATUNITENSE- Wall Street si avvia ad aprire in rialzo grazie ai dati positivi sull'occupazione e alla ripresa del settore dei semiconduttori
8/5/2026,21:08:26,BOLSA DE EEUU-Wall Street se dispone a abrir al alza tras los sdlidos datos de empleo y la recuperacion del sector de los semiconductores
8/5/2026,21:08:19,"BIRTH -S5eS) MURA HT RSE ick, Bike sabe"
8/5/2026,21:08:19,"HRT -S5a2) LARA TLS fei, RSPEI"
8/5/2026,21:07:32,US-Aktien-Wall Street diirfte nach starken Arbeitsmarktdaten und einer Erholung im Chipsektor héher erdffnen
8/5/2026,21:07:25,"Wall St set to open higher after strong jobs data, chip recovery US STOCKS"
8/5/2026,20:36:20,US STOCKS SNAPSHOT-US stock futures extend gains after April non-farm payrolls data
8/5/2026,20:30:36,U.S. STOCK INDEX FUTURES EXTEND GAINS AFTER APRIL JOBS DATA
8/5/2026,19:19:00,US stock futures rise as chips rebound ahead of jobs data US STOCKS
8/5/2026,18:27:10,US stock futures rise as chips rebound ahead of jobs data US STOCKS
8/5/2026,16:01:10,"S&P 500 E-MINI FUTURES UP 0.33%, NASDAQ 100 FUTURES UP 0.52%, DOW FUTURES UP 0.15%"
8/5/2026,4:23:42,S&P 500 ends down as chip stocks give up gains US STOCKS
8/5/2026,4:00:48,S&P 500 ends down as chip stocks give up gains US STOCKS
8/5/2026,4:00:00,"NASDAQ .IXIC UNOFFICIALLY CLOSES DOWN 42.01 POINTS, OR 0.16 PERCENT, AT 25,796.93"
8/5/2026,4:00:00,"S&P 500 .SPX UNOFFICIALLY CLOSES DOWN 27.25 POINTS, OR 0.37 PERCENT, AT 7,337.87"
8/5/2026,4:00:00,"DOW JONES .DJI UNOFFICIALLY CLOSES DOWN 305.68 POINTS, OR 0.61 PERCENT, AT 49,604.91"
8/5/2026,4:00:00,"DOW JONES .DJI UNOFFICIALLY CLOSES DOWN 314.39 POINTS, OR 0.63%, AT 49,596.20"
8/5/2026,2:53:44,S&P 500 dips as chip stocks give up gains US STOCKS
8/5/2026,1:54:23,"U.S. STOCKS EXTEND DECLINES; S&P 500 DOWN 0.54%, NASDAQ DOWN 0.33%, DOW DOWN 0.8%"
8/5/2026,0:50:34,Wall St stalls as chips retreat after record run; jobs data in focus US STOCKS
8/5/2026,0:20:05,"S&P 500 DOWN 0.3%, NASDAQ DOWN 0.16%, DOW DOWN 0.38%"
7/5/2026,22:06:51,"S&P 500, Nasdaq at record highs as oil pullback brings relief US STOCKS US STOCKS SNAPSHOT-S&P 500, Nasdaq touch fresh peaks as oil retreats further"
7/5/2026,21:30:30,"NASDAQ .IXIC UP 42.82 POINTS, OR 0.17 PERCENT, AT 25,881.76 AFTER MARKET OPEN DOW JONES .DJI UP 181.75 POINTS, OR 0.36 PERCENT, AT 50,092.34 AFTER MARKET OPEN"
7/5/2026,21:30:30,"S&P 500 .INX UP 8.23 POINTS, OR 0.11 %, AT 7,373.35 AFTER MARKET OPEN"
7/5/2026,21:30:30,"S&P 500 .INX UP 8.23 POINTS, OR 0.11 PERCENT, AT 7,373.35 AFTER MARKET OPEN Wall St set to open near record highs as oil extends losses US STOCKS"
7/5/2026,20:30:52,U.S. STOCK INDEX FUTURES HOLD GAINS AFTER ECONOMIC DATA
7/5/2026,19:31:30,"S&P 500, Nasdaq futures touch record highs as oil extends losses US STOCKS"
7/5/2026,18:31:08,"S&P 500, Nasdaq futures hit records as oil extends losses US STOCKS"
7/5/2026,16:00:32,U.S. STOCK INDEX FUTURES UP ABOUT 0.2%
7/5/2026,5:48:33,"SA-S&P 5002 LIAS, Ars 2/4] S 41... AMD AIA ey i=l9 2 HO AL Daya LUT as es"
7/5/2026,4:39:43,RESA-LA Mat By LUBE RS 500k SMASH LA MESS; AMDEF SUESDATIR Lik
7/5/2026,4:39:43,MEEP-LA SFT LAE nS 500s ARTA TENE! RSet; AMDI HRHEDDAIRR Lik
7/5/2026,4:14:21,BOLSA DE EEUU-EI S&P 500 y el Nasdaq alcanzan maximos historicos; los resultados de AMD impulsan el repunte de las acciones del sector de la IA
7/5/2026,4:14:17,"KEHRTE-SAP 500L FAK Y 7 HIBAR BiBt Be, AMDOREER* ZI AL"
7/5/2026,4:14:16,MARCHES BOURSIERS AMERICAINS-Le S&P 500 et le Nasdaq atteignent des records les résultats d'AMD déclenchent une vague de hausse des actions du secteur de I'IA
7/5/2026,4:14:15,MERCATO AZIONARIO STATUNITENSE- L’IS&P 500 e il Nasdaq toccano nuovi massimi; i risultati di AMD danno il via a un rialzo dei titoli legati all'intelligenza artificiale
7/5/2026,4:14:13,BOLSA EUA-S&P 500 e Nasdaq atingem recordes; resultados da AMD impulsionam alta das agdes de IA.
7/5/2026,4:13:21,US-AKTIEN-S&P 500 und Nasdaq erreichen neue Hochststande; AMD- Ergebnisse ldsen Kursanstieg bei KI- Aktien aus
7/5/2026,4:13:16,S&P 500 and Nasdaq notch records; AMD results spark AI stock rally US STOCKS
7/5/2026,4:08:54,AVISO-S&P 500 e Nasdaq atingem recordes; resultados da AMD impulsionam alta das agdes de IA.
7/5/2026,4:02:06,"Ol} #EA{-S&P 500D} LEAF, Are 4] A| GAL... AMD Al a4 i=19 2 HO] AI AA S c So"
7/5/2026,4:01:39,MARCHES BOURSIERS AMERICAINS-Le S&P 500 et le Nasdaq atteignent des records les résultats d'AMD déclenchent une vague de hausse des actions du secteur de I'IA
7/5/2026,4:01:39,"REUASU-S&P 500 FAR Y 7 DIBA BiB* BH, AMD ORAS SI ALB"
7/5/2026,4:01:35,MERCATO AZIONARIO STATUNITENSE- L'S&P 500 e il Nasdaq toccano nuovi massimi; i risultati di AMD danno il via a un rialzo dei titoli legati all'intelligenza artificiale
7/5/2026,4:01:29,SEHR RS SOA ANTIS eS ELE Ritts; AMDAASRESIALI Lik
7/5/2026,4:01:29,SSH ARH -in eS SOOTSEA ATA San! Raia; AMDIUHRIEADATIR Fk
7/5/2026,4:01:23,BOLSA DE EEUU-EI S&P 500 y el Nasdaq alcanzan nuevos maximos; los resultados de AMD impulsan el repunte de las acciones del sector de la inteligencia artificial
7/5/2026,4:00:56,US-AKTIEN-S&P 500 und Nasdaq erreichen neue Héchststande; AMD- Ergebnisse ldsen Kursanstieg bei KI- Aktien aus
7/5/2026,4:00:35,S&P 500 and Nasdaq notch records; AMD results spark AI stock rally US STOCKS
7/5/2026,4:00:00,"S&P 500 .SPX UNOFFICIALLY CLOSES UP 108.45 POINTS, OR 1.49 PERCENT, AT 7,367.67"
7/5/2026,4:00:00,"NASDAQ .IXIC UNOFFICIALLY CLOSES UP 519.99 POINTS, OR 2.05 PERCENT, AT 25,846.12"
7/5/2026,4:00:00,"DOW JONES .DJI UNOFFICIALLY CLOSES UP 643.40 POINTS, OR 1.31%, AT 49,941.65"
7/5/2026,4:00:00,"DOW JONES .DJI UNOFFICIALLY CLOSES UP 634.91 POINTS, OR 1.29 PERCENT, AT 49,933.16"
7/5/2026,3:54:40,"U.S. STOCKS EXTEND GAINS, NASDAQ -IXIC UP 2.00%"
7/5/2026,3:54:40,"U.S. STOCKS EXTEND GAINS, NASDAQ -IXIC UP 2.00 PCT"
7/5/2026,2:31:45,MARCHES BOURSIERS AMERICAINS-Le S&P 500 et le Nasdaq atteignent des records les résultats d'AMD déclenchent une vague de hausse des actions du secteur de I'IA
7/5/2026,2:31:44,MERCATO AZIONARIO STATUNITENSE- L'S&P 500 e il Nasdaq hanno toccato livelli record; i risultati di AMD hanno innescato un rialzo dei titoli legati all'intelligenza artificiale
7/5/2026,2:31:40,BOLSA EUA-S&P 500 e Nasdaq atingem recordes; resultados da AMD impulsionam alta das acdes de IA
7/5/2026,2:31:31,FHKE SOOPER MAME STE! FEES: AMDAASRiFEBDAIAS Lite
7/5/2026,2:31:31,SEE Arh -tneS SOOPER IA caFSENE! Ra SH; AMDIMIREADATIS Fik
7/5/2026,2:31:30,SKEHRTE-S&P 500t FAR Y 7 AVHRR mE BR. AMDO REFER e S217 ALBA tO Sie
7/5/2026,2:31:16,BOLSA DE EEUU-EI S&P 500 y el Nasdaq alcanzan maximos historicos; los resultados de AMD impulsan el repunte de las acciones del sector de la IA
7/5/2026,2:30:24,US-AKTIEN-S&P 500 und Nasdaq erreichen neue Héchststande; AMD- Ergebnisse ldsen Kursanstieg bei KI- Aktien aus
7/5/2026,2:30:12,S&P 500 and Nasdaq hit records; AMD results spark AI stock rally US STOCKS
7/5/2026,0:56:56,BOLSA EUA-S&P 500 e Nasdaq atingem novo pico com esperanca de acordo de paz com o Ira e fortes resultados da AMD.
7/5/2026,0:55:36,US-AKTIEN-S&P 500 und Nasdaq erreichen neue Héchststande dank Hoffnungen auf ein Friedensabkommen mit dem Iran und starker AMD- Gewinnzahlen
7/5/2026,0:54:02,"PERU Th-SeeR BFL tines te 2 AMD IES) FASREiK, HPESSOO SIMMS ToL ATS"
7/5/2026,0:54:02,"SeBERTH-SR BRAS As 2 AMD aR) TR, MESSE ARMA TT EAL US it"
7/5/2026,0:53:45,O|= 2=4]-S&P 500 A|=E St fAqt ct x Ale 7t Ol et SH Solo] CHSt 7/CHAAt AMD] & Al Aol] S}Q}0] Ap A| DA|S ZBASHCH
7/5/2026,0:53:42,"KERRI 1 7 VBA ONS AMDO AGREES BSF, SAP 50L FAR YF DEAR NE SAT"
7/5/2026,0:53:34,MARCHES BOURSIERS AMERICAINS-Le S&P 500 et le Nasdaq atteignent de nouveaux sommets grace aux espoirs d'un accord de paix avec I'Iran et aux bons résultats d'AMD
7/5/2026,0:53:27,MERCATO AZIONARIO STATUNITENSE- L'S&P 500 e il Nasdaq hanno toccato nuovi massimi grazie alle speranze di un accordo di pace con I'Iran e agli ottimi risultati finanziari di AMD
7/5/2026,0:52:26,"S&P 500, Nasdaq hit fresh peak on Iran peace deal hope, strong AMD earnings US STOCKS"
6/5/2026,22:33:04,"U.S. STOCKS EXTEND GAINS, S&P 500 «SPX UP 1.00 PCT S&P 500, Nasdaq hit record highs on AI optimism, Middle East peace hopes US STOCKS"
6/5/2026,21:45:09,"U.S. STOCKS EXTEND GAINS, NASDAQ -IXIC UP 1.01 PCT"
6/5/2026,21:33:53,S&P 500 ENERGY INDEX FALLS 3% AS OIL PRICES SLIDE MORE THAN 5%
6/5/2026,21:32:47,"US STOCKS SNAPSHOT-Wall St opens higher as Middle East peace hopes, AI optimism boost sentiment"
6/5/2026,21:30:33,"U.S. STOCKS EXTEND GAINS, DOW JONES .DJI UP 1.00%"
6/5/2026,21:30:33,"U.S. STOCKS EXTEND GAINS, DOW JONES .DJI UP 1.00 PCT"
6/5/2026,21:30:30,"NASDAQ .IXIC UP 157.75 POINTS, OR 0.62 PERCENT, AT 25,483.88 AFTER MARKET OPEN DOW JONES .DJI UP 487.12 POINTS, OR 0.99 PERCENT, AT 49,785.37 AFTER MARKET OPEN"
6/5/2026,21:30:30,"S&P 500 .INX UP 44.72 POINTS, OR 0.62 %, AT 7,303.94 AFTER MARKET OPEN"
6/5/2026,21:30:30,"S&P 500 .INX UP 44.72 POINTS, OR 0.62 PERCENT, AT 7,303.94 AFTER MARKET OPEN"
6/5/2026,20:46:40,"Wall St set to extend rally as Middle East peace hopes, AI optimism boost sentiment US STOCKS"
6/5/2026,19:06:55,"U.S. S&P 500 E-MINI FUTURES UP 1%, NASDAQ 100 FUTURES UP 1.71%, DOW FUTURES UP 1.22%"
6/5/2026,19:06:55,RUSSELL 2000 FUTURES UP 2.14%
6/5/2026,19:06:54,"US STOCK INDEX FUTURES EXTEND GAINS US stock futures rally on Middle East peace hopes, AI optimism US STOCKS CBOE VOLATILITY INDEX ON TRACK FOR LOWEST CLOSE IN THREE-MONTHS; LAST DOWN 0.71 POINTS AT 16.67 (CORRECTS MILESTONE) CORRECTED"
6/5/2026,16:57:36,"S&P 500 E-MINI FUTURES UP 0.71%, DOW FUTURES UP 0.66%, NASDAQ 100 FUTURES UP 1.26%"
6/5/2026,16:56:43,US STOCK INDEX FUTURES EXTEND GAINS AFTER AXIOS REPORTS US EXPECTS IRANIAN RESPONSES ON SEVERAL KEY POINTS IN THE NEXT 48 HOURS
6/5/2026,16:54:22,"US stock index futures rise on Middle East peace hopes, AI optimism US STOCKS"
6/5/2026,16:00:43,"US S&P 500 E-MINI FUTURES UP 0.32%, DOW FUTURES UP 0.28%, NASDAQ 100 FUTURES UP 0.77%"
6/5/2026,4:19:02,S&P 500 and Nasdaq notch records as AI chip stocks surge US STOCKS
6/5/2026,4:00:52,S&P 500 and Nasdaq notch records as AI chip stocks surge US STOCKS
6/5/2026,4:00:01,"S&P 500 .SPX UNOFFICIALLY CLOSES UP 59.21 POINTS, OR 0.82 PERCENT, AT 7,259.96"
6/5/2026,4:00:00,"NASDAQ .IXIC UNOFFICIALLY CLOSES UP 257.82 POINTS, OR 1.03 PERCENT, AT 25,325.62"
6/5/2026,4:00:00,"DOW JONES .DJI UNOFFICIALLY CLOSES UP 344.60 POINTS, OR 0.70%, AT 49,286.50"
6/5/2026,3:11:15,"U.S. STOCKS EXTEND GAINS, S&P 500 «SPX UP 1.00 PCT"
6/5/2026,2:31:10,Nasdaq hits record as AI chip stocks surge US STOCKS
6/5/2026,0:57:33,Wall St surges as US-Iran ceasefire holds after earlier jitters US STOCKS
5/5/2026,22:27:18,Wall St rebounds as oil drops despite Middle East tensions US STOCKS
5/5/2026,22:00:56,US STOCK INDEXES LITTLE CHANGED AFTER ECONOMIC DATA
5/5/2026,21:41:47,"U.S. STOCKS EXTEND GAINS, NASDAQ -IXIC UP 1.00%"
5/5/2026,21:41:47,"U.S. STOCKS EXTEND GAINS, NASDAQ -IXIC UP 1.00 PCT"
5/5/2026,21:32:22,US STOCKS SNAPSHOT-Wall St opens higher as oil slips despite Middle East tensions
5/5/2026,21:30:30,"NASDAQ .IXIC UP 199.55 POINTS, OR 0.80 PERCENT, AT 25,267.35 AFTER MARKET OPEN"
5/5/2026,21:30:30,"DOW JONES .DJI UP 233.06 POINTS, OR 0.48 PERCENT, AT 49,174.96 AFTER MARKET OPEN"
5/5/2026,21:30:30,"S&P 500 .INX UP 44.65 POINTS, OR 0.62 %, AT 7,245.40 AFTER MARKET OPEN"
5/5/2026,21:30:30,"S&P 500 .INX UP 44.65 POINTS, OR 0.62 PERCENT, AT 7,245.40 AFTER MARKET OPEN Wall St eyes rebound as oil ticks lower despite Middle East tensions US STOCKS"
5/5/2026,18:54:10,US stock futures up as oil dips; Middle East tensions linger US STOCKS
5/5/2026,18:00:56,"US stock futures rise as oil dips; Middle East tensions linger US STOCKS US S&P 500 E-MINI FUTURES UP 0.24%, DOW FUTURES UP 0.23%, NASDAQ 100 FUTURES UP 0.38%"
5/5/2026,4:17:41,S&P 500 falls from record high on Middle East worries US STOCKS
5/5/2026,4:00:00,"NASDAQ .IXIC UNOFFICIALLY CLOSES DOWN 55.09 POINTS, OR 0.22 PERCENT, AT 25,059.35"
5/5/2026,4:00:00,"DOW JONES .DJI UNOFFICIALLY CLOSES DOWN 563.60 POINTS, OR 1.14 PERCENT, AT 48,935.67"
5/5/2026,4:00:00,"S&P 500 .SPX UNOFFICIALLY CLOSES DOWN 29.91 POINTS, OR 0.41 PERCENT, AT 7,200.21"
5/5/2026,4:00:00,"DOW JONES .DJI UNOFFICIALLY CLOSES DOWN 571.81 POINTS, OR 1.16%, AT 48,927.46"
5/5/2026,2:17:15,S&P 500 falls from record high on Middle East worries US STOCKS
5/5/2026,0:36:53,Wall St falls as Middle East tensions spark fresh jitters US STOCKS
5/5/2026,0:07:54,"U.S. STOCKS EXTEND FALL, DOW JONES -DJI DOWN 1.00%"
5/5/2026,0:07:53,"U.S. STOCKS EXTEND FALL, DOW JONES -DJI DOWN 1.00 PCT"
4/5/2026,23:57:21,"S&P 500 DOWN 0.39%, NASDAQ DOWN 0.33%, DOW DOWN 0.85%"
4/5/2026,22:11:41,"S&P 500, Dow tick lower as US-Iran tensions unsettle investors US STOCKS US STOCKS SNAPSHOT-Wall St slips at open as US-Iran tensions unsettle investors"
4/5/2026,21:30:30,"NASDAQ .IXIC UP 7.73 POINTS, OR 0.03 PERCENT, AT 25,122.18 AFTER MARKET OPEN"
4/5/2026,21:30:30,"DOW JONES .DJI DOWN 181.42 POINTS, OR 0.37 PERCENT, AT 49,317.85 AFTER MARKET OPEN"
4/5/2026,21:30:30,"S&P 500 .INX DOWN 6.88 POINTS, OR 0.10 %, AT 7,223.24 AFTER MARKET OPEN"
4/5/2026,21:30:30,"S&P 500 .INX DOWN 6.88 POINTS, OR 0.10 PERCENT, AT 7,223.24 AFTER MARKET OPEN"
4/5/2026,21:03:20,Wall St set for mixed open as US-Iran tensions unsettle investors US STOCKS Wall St futures slip as US-Iran tensions fuel volatility US STOCKS
4/5/2026,18:07:49,"S&P 500 E-MINI FUTURES DOWN 0.55%, DOW FUTURES DOWN 0.73%, NASDAQ 100 FUTURES DOWN 0.51%"
4/5/2026,18:06:54,"S&P 500 AND NASDAQ 100 FUTURES ERASE GAINS, DOW FUTURES EXTEND LOSSES"
4/5/2026,17:05:58,US stock futures mixed as Middle East risks remain in focus US STOCKS
4/5/2026,16:00:52,"US S&P 500 E-MINI FUTURES UP 0.08%, DOW FUTURES DOWN 0.17%, NASDAQ 100 FUTURES UP 0.24%"
2/5/2026,4:00:48,"S&P 500 AND NASDAQ NOTCH SIXTH STRAIGHT WEEKLY GAINS, LONGEST STREAKS SINCE OCTOBER 2024 FOR THE WEEK, THE S&P 500 ROSE 0.9%, THE DOW ROSE 0.5% AND THE NASDAQ ROSE 1.1%"
2/5/2026,4:00:00,"DOW JONES .DJI UNOFFICIALLY CLOSES DOWN 131.91 POINTS, OR 0.27 PERCENT, AT 49,520.23"
2/5/2026,4:00:00,"S&P 500 .SPX UNOFFICIALLY CLOSES UP 23.31 POINTS, OR 0.32 PERCENT, AT 7,232.32"
2/5/2026,4:00:00,"DOW JONES .DJI UNOFFICIALLY CLOSES DOWN 121.20 POINTS, OR 0.24%, AT 49,530.94"
2/5/2026,4:00:00,"NASDAQ .IXIC UNOFFICIALLY CLOSES UP 223.33 POINTS, OR 0.90 PERCENT, AT 25,115.64"
1/5/2026,23:57:27,US STOCK INDEXES PARE GAINS SLIGHTLY AFTER PRESIDENT TRUMP SAYS HE WILL RAISE TARIFFS ON EU AUTOS TO 25%
1/5/2026,22:00:50,US STOCK INDEXES LITTLE CHANGED AFTER APRIL ISM MANUFACTURING PMI
1/5/2026,21:59:24,"U.S. STOCKS EXTEND GAINS, NASDAQ -IXIC UP 1.00%"
1/5/2026,21:59:24,"U.S. STOCKS EXTEND GAINS, NASDAQ -IXIC UP 1.00 PCT"
1/5/2026,21:39:35,"CBOE VOLATILITY INDEX FALLS TO LOWEST LEVEL IN OVER TWO MONTHS, LAST DOWN 0.17 POINTS AT 16.72"
1/5/2026,21:30:30,"NASDAQ .IXIC UP 89.39 POINTS, OR 0.36 PERCENT, AT 24,981.71 AFTER MARKET OPEN"
1/5/2026,21:30:30,"DOW JONES .DJI UP 150.77 POINTS, OR 0.30 PERCENT, AT 49,802.91 AFTER MARKET OPEN"
1/5/2026,21:30:30,"S&P 500 .INX UP 25.34 POINTS, OR 0.35 PERCENT, AT 7,234.35 AFTER MARKET OPEN"
1/5/2026,21:30:30,"S&P 500 .INX UP 25.34 POINTS, OR 0.35 %, AT 7,234.35 AFTER MARKET OPEN"
1/5/2026,20:25:41,"S&P 500 E-MINI FUTURES UP 0.32%, DOW FUTURES UP 0.45%, NASDAQ 100 FUTURES UP 0.09%"
1/5/2026,20:24:46,"S&P 500 AND DOW FUTURES EXTEND GAINS, NASDAQ FUTURES ERASE LOSSES FOLLOWING REPORT IRAN HAS SENT LATEST US PEACE PROPOSAL"
1/5/2026,19:03:12,"S&P 500, Dow futures rise after Wall Street's best month in years; Apple soars US STOCKS"
1/5/2026,17:46:45,"S&P 500, Dow futures inch up after Wall Street's best month in years US STOCKS"
1/5/2026,16:00:50,"US S&P 500 E-MINI FUTURES UP 0.08%, DOW FUTURES UP 0.07%, NASDAQ 100 FUTURES DOWN 0.05%"
1/5/2026,4:28:00,"Wall Street ends higher, S&P 500, Nasdaq notch biggest monthly gains in years UPDATE 1 US STOCKS"
1/5/2026,4:01:37,"UNOFFICIALLY, FOR THE MONTH THE S&P 500 GAINED 10.42%, THE NASDAQ ROSE 15.29%, AND THE DOW CLIMBED 7.14%"
1/5/2026,4:01:37,DOW INDUSTRIALS RECORD BIGGEST MONTHLY PCT GAIN SINCE NOVEMBER 2024 S&P 500 REGISTERS BIGGEST MONTHLY PCT GAIN SINCE NOVEMBER 2020
1/5/2026,4:01:37,NASDAQ RECORDS BIGGEST MONTHLY PCT GAIN SINCE APRIL 2020
1/5/2026,4:00:30,"Wall Street ends higher, S&P 500, Nasdaq notch biggest monthly gains in years US STOCKS"
1/5/2026,4:00:00,"S&P 500 .SPX UNOFFICIALLY CLOSES UP 80.79 POINTS, OR 1.13 PERCENT, AT 7,216.74"
1/5/2026,4:00:00,"DOW JONES .DJI UNOFFICIALLY CLOSES UP 807.79 POINTS, OR 1.65%, AT 49,669.60"
1/5/2026,4:00:00,"NASDAQ .IXIC UNOFFICIALLY CLOSES UP 221.16 POINTS, OR 0.90 PERCENT, AT 24,894.40"
1/5/2026,4:00:00,"DOW JONES .DJI UNOFFICIALLY CLOSES UP 833.82 POINTS, OR 1.71 PERCENT, AT 49,695.63"
1/5/2026,3:13:49,"U.S. STOCKS EXTEND GAINS, NASDAQ -IXIC UP 1.00 PCT"
1/5/2026,2:36:21,"U.S. STOCKS EXTEND GAINS, S&P 500 «SPX UP 1.00 PCT"
1/5/2026,2:29:53,"S&P 500, Nasdaq set for biggest monthly gains since 2020 US STOCKS"
1/5/2026,0:25:35,"S&P 500, Nasdaq on course for best month since 2020 despite Middle East risks US STOCKS"
30/4/2026,23:02:34,CBOE VOLATILITY INDEX NEAR TWO- WEEK LOW; LAST DOWN 1.4 POINTS AT 17.43
30/4/2026,22:34:18,"S&P 500, Nasdaq on course for best month since 2020 despite Middle East risks US STOCKS"
30/4/2026,22:18:55,"U.S. STOCKS EXTEND GAINS, DOW JONES .DJI UP 1.00%"
30/4/2026,22:18:55,"U.S. STOCKS EXTEND GAINS, DOW JONES .DJI UP 1.00 PCT US STOCKS SNAPSHOT-S&P 500, Nasdaq open higher as earnings optimism overshadows Middle East woes"
30/4/2026,21:30:30,"NASDAQ .IXIC UP 149.53 POINTS, OR 0.61 PERCENT, AT 24,822.77 AFTER MARKET OPEN"
30/4/2026,21:30:30,"DOW JONES .DJI UP 247.12 POINTS, OR 0.51 PERCENT, AT 49,108.93 AFTER MARKET OPEN"
30/4/2026,21:30:30,"S&P 500 .INX UP 30.64 POINTS, OR 0.43 %, AT 7,166.59 AFTER MARKET OPEN"
30/4/2026,21:30:30,"S&P 500 .INX UP 30.64 POINTS, OR 0.43 PERCENT, AT 7,166.59 AFTER MARKET OPEN"
30/4/2026,21:03:56,Wall St set to climb at open as earnings optimism overshadows oil woes US STOCKS
30/4/2026,20:36:04,U.S. STOCK INDEX FUTURES PARE GAINS SLIGHTLY
30/4/2026,20:32:08,"S&P 500 E-MINI FUTURES UP 0.57%, DOW FUTURES UP 0.68%, NASDAQ 100 FUTURES UP 0.73%"
30/4/2026,20:31:04,US STOCK INDEX FUTURES LITTLE CHANGED AFTER ECONOMIC DATA
30/4/2026,19:33:49,"Wall St futures climb as investors balance earnings optimism against oil woes US STOCKS U.S. S&P 500 E-MINI FUTURES UP 0.13%, NASDAQ 100 FUTURES UP 0.21%, DOW FUTURES UP 0.5%"
30/4/2026,17:24:56,Wall Street futures mixed as oil spike overshadows tech earnings strength US STOCKS
30/4/2026,16:00:54,"US S&P 500 E-MINI FUTURES DOWN 0.08%, DOW FUTURES DOWN 0.52%, NASDAQ 100 FUTURES UP 0.12% S&P 500 E-MINI FUTURES DOWN 0.15% AS TRADING RESUMES"
30/4/2026,4:33:31,Wall Street ends mixed ahead of big tech earnings US STOCKS
30/4/2026,4:00:27,Wall Street ends mixed after Fed decision big tech earnings on tap US STOCKS
30/4/2026,4:00:00,"DOW JONES .DJI UNOFFICIALLY CLOSES DOWN 291.79 POINTS, OR 0.59 PERCENT, AT 48,850.14"
30/4/2026,4:00:00,"NASDAQ .IXIC UNOFFICIALLY CLOSES DOWN 6.23 POINTS, OR 0.03 PERCENT, AT 24,657.57"
30/4/2026,4:00:00,"S&P 500 .SPX UNOFFICIALLY CLOSES DOWN 6.17 POINTS, OR 0.09 PERCENT, AT 7,132.63"
30/4/2026,4:00:00,"DOW JONES .DJI UNOFFICIALLY CLOSES DOWN 294.21 POINTS, OR 0.60%, AT 48,847.72"
30/4/2026,3:17:57,NASDAQ UP 0.09% DURING FED NEWS CONFERENCE
30/4/2026,3:01:58,S&P 500 LAST DOWN 0.14% DURING POWELL NEWS CONFERENCE
30/4/2026,3:01:17,"NASDAQ ERASES LOSS, TRADES NEAR FLAT DURING FED NEWS CONFERENCE"
30/4/2026,2:42:21,"Wall Street extends losses after Fed decision, big tech earnings on tap US STOCKS"
30/4/2026,2:31:49,S&P 500 DOWN 0.39% AS POWELL KICKS OFF FED NEWS CONFERENCE
30/4/2026,2:11:16,"NASDAQ EXTENDS DIP, LAST DOWN 0.48% AFTER FED RATE DECISION"
30/4/2026,2:10:05,"S&P 500 EXTENDS DECLINE, LAST DOWN 0.40% AFTER FED RATE DECISION"
30/4/2026,2:02:03,NASDAQ LAST DOWN 0.24% AFTER FED KEEPS RATE UNCHANGED
30/4/2026,2:01:17,"S&P 500 SLIGHTLY EXTENDS DECLINE AFTER FED KEEPS RATE STEADY, LAST DOWN 0.22%"
30/4/2026,0:16:19,"Wall Street loses steam ahead of Big Tech earnings, Fed meeting US STOCKS"
29/4/2026,22:08:41,"Wall Street slips ahead of Big Tech earnings, Fed meeting US STOCKS"
29/4/2026,21:32:23,"US STOCKS SNAPSHOT-Wall St mixed at open ahead of Big Tech earnings, Fed meeting"
29/4/2026,21:31:01,"DOW JONES INDUSTRIAL AVERAGE .DJI DOWN 43.20 POINTS, OR 0.09%, TO 49,098.73 AFTER MARKET OPEN"
29/4/2026,21:31:01,"S&P 500 .SPX DOWN 6.07 POINTS, OR 0.09%, TO 7,132.73 AFTER MARKET OPEN"
29/4/2026,21:31:01,"NASDAQ COMPOSITE .IXIC DOWN 55.76 POINTS, OR 0.23%, TO 24,608.04 AFTER MARKET OPEN"
29/4/2026,21:30:30,"NASDAQ .IXIC DOWN 68.72 POINTS, OR 0.28 PERCENT, AT 24,595.08 AFTER MARKET OPEN DOW JONES .DJI DOWN 43.60 POINTS, OR 0.09 PERCENT, AT 49,098.33 AFTER MARKET OPEN S&P 500 .INX DOWN 8.35 POINTS, OR 0.12 PERCENT, AT 7,130.45 AFTER MARKET OPEN"
29/4/2026,21:04:27,"Wall Street eyes mixed open ahead of Big Tech earnings, Fed meeting US STOCKS"
29/4/2026,18:59:26,"Wall Street futures mixed ahead of Big Tech earnings, Fed meeting US STOCKS"
29/4/2026,17:28:36,"Wall Street futures mixed ahead of Big Tech earnings, Fed meeting US STOCKS"
29/4/2026,16:01:01,"US S&P 500 E-MINI FUTURES UP 0.09%, DOW FUTURES UP 0.15%, NASDAQ 100 FUTURES UP 0.29%"
29/4/2026,4:25:04,"Nasdaq, S&P 500 end lower on renewed AI growth worries ahead of big tech earnings US STOCKS"
29/4/2026,4:02:49,NASDAQ COMPOSITE REGISTERS BIGGEST ONE-DAY PERCENTAGE DROP SINCE MARCH 27
29/4/2026,4:01:18,"NASDAQ COMPOSITE CLOSES .IXIC DOWN 222.37 POINTS, OR 0.89%, TO 24,664.73"
29/4/2026,4:01:17,"S&P 500 CLOSES .SPX DOWN 34.61 POINTS, OR 0.48%, TO 7,139.30"
29/4/2026,4:01:17,"DOW JONES INDUSTRIAL AVERAGE CLOSES .DJI DOWN 30.66 POINTS, ORO.06%, TO 49,147.35"
29/4/2026,4:01:06,"DOW JONES INDUSTRIAL AVERAGE CLOSES .DJI DOWN 30.66 POINTS, ORO.06%, TO 49,147.35"
29/4/2026,4:01:06,"NASDAQ COMPOSITE CLOSES .IXIC DOWN 222.37 POINTS, OR 0.89%, TO 24,664.73"
29/4/2026,4:01:04,"S&P 500 CLOSES .SPX DOWN 34.61 POINTS, OR 0.48%, TO 7,139.30"
29/4/2026,4:00:23,"Nasdaq, S&P 500 end lower on renewed AI growth worries ahead of big tech earnings US STOCKS"
29/4/2026,4:00:00,"DOW JONES .DJI UNOFFICIALLY CLOSES DOWN 24.18 POINTS, OR 0.05%, AT 49,143.61"
29/4/2026,2:42:38,"Nasdaq, S&P 500 fall on renewed AI growth worries ahead of big tech earnings US STOCKS"
29/4/2026,0:11:59,"Nasdaq trails S&P 500, Dow as AI growth worries hit tech stocks US STOCKS"
28/4/2026,22:23:43,"Nasdaq underperforms S&P 500, Dow as AI growth worries hit tech stocks US STOCKS"
28/4/2026,21:33:00,US STOCKS SNAPSHOT-Nasdaq opens lower as fresh concerns around AI pressure tech stocks
28/4/2026,21:30:54,"DOW JONES INDUSTRIAL AVERAGE .DJI UP 172.51 POINTS, OR 0.35%, TO 49,340.30 AFTER MARKET OPEN"
28/4/2026,21:30:54,"S&P 500 .SPX DOWN 37.33 POINTS, OR 0.52%, TO 7,136.58 AFTER MARKET OPEN"
28/4/2026,21:30:54,"NASDAQ COMPOSITE .IXIC DOWN 283.77 POINTS, OR 1.14%, TO 24,603.33 AFTER MARKET OPEN S&P 500 .INX DOWN 40.33 POINTS, OR 0.56 %, AT 7,133.58 AFTER MARKET OPEN"
28/4/2026,20:29:45,Nasdaq futures slide as fresh concerns around AI pressure tech stocks US STOCKS
28/4/2026,19:27:02,"US S&P 500 E-MINI FUTURES DOWN 0.48%, DOW FUTURES UP 0.23%, NASDAQ 100 FUTURES DOWN 1.0%"
28/4/2026,19:23:32,US stock index futures mixed as Mideast stalemate keeps oil risks in focus US STOCKS
28/4/2026,18:06:30,US stock index futures fall as Middle East stalemate keeps oil risks in focus US STOCKS
28/4/2026,16:00:51,"US S&P 500 E-MINI FUTURES DOWN 0.13%, DOW FUTURES UP 0.08%, NASDAQ 100 FUTURES DOWN 0.40%"
28/4/2026,4:25:49,"S&P 500, Nasdaq, close slightly higher in cautious start to a heavy earnings week US STOCKS"
28/4/2026,4:01:24,"S&P 500, Nasdaq, close slightly up in cautious start to a heavy earnings week US STOCKS"
28/4/2026,4:01:21,"NASDAQ COMPOSITE CLOSES .IXIC UP 50.50 POINTS, OR 0.20%, TO 24,887.10"
28/4/2026,4:01:20,"DOW JONES INDUSTRIAL AVERAGE CLOSES .DJI DOWN 62.49 POINTS, ORO.13%, TO 49,168.22"
28/4/2026,4:01:20,"S&P 500 CLOSES .SPX UP 8.90 POINTS, OR 0.12%, TO 7,173.98"
28/4/2026,4:00:00,"DOW JONES .DJI UNOFFICIALLY CLOSES DOWN 44.09 POINTS, OR 0.09%, AT 49,186.62"
28/4/2026,2:28:26,"Wall Street rangebound, cautious at start of heavy earnings week US STOCKS"
28/4/2026,1:39:40,"S&P 500 TURNS POSITIVE, LAST UP 0.11%"
28/4/2026,1:39:40,"NASDAQ TURNS POSITIVE, LAST UP 0.14%"
28/4/2026,0:19:51,Wall Street indexes enter earnings-heavy week on cautious footing US STOCKS
27/4/2026,22:27:39,Wall Street indexes enter earnings-heavy week on cautious footing US STOCKS
27/4/2026,21:33:22,US STOCKS SNAPSHOT-Wall St opens lower as investors weigh US-Iran conflict before earnings rush
27/4/2026,21:30:56,"DOW JONES INDUSTRIAL AVERAGE .DJI DOWN 85.07 POINTS, ORO.17%, TO 49,145.64 AFTER MARKET OPEN"
27/4/2026,21:30:56,"S&P 500 .SPX DOWN 9.66 POINTS, OR 0.13%, TO 7,155.42 AFTER MARKET OPEN"
27/4/2026,21:30:56,"NASDAQ COMPOSITE .IXIC DOWN 36.96 POINTS, OR 0.15%, TO 24,799.64 AFTER MARKET OPEN"
27/4/2026,21:30:30,"S&P 500 .INX DOWN 9.56 POINTS, OR 0.13 %, AT 7,155.52 AFTER MARKET OPEN"
27/4/2026,20:57:30,Wall St set for tepid open as investors weigh US-Iran conflict before earnings rush US STOCKS
27/4/2026,20:31:47,"U.S. S&P 500 E-MINI FUTURES DOWN 0.1%, NASDAQ 100 FUTURES DOWN 0.09%, DOW FUTURES UDOWN 0.14%"
27/4/2026,19:13:39,US stock index futures muted on stalled US-Iran peace talks US STOCKS
27/4/2026,17:57:00,US stock index futures muted on stalled US-Iran peace talks US STOCKS
27/4/2026,16:00:47,"US S&P 500 E-MINI FUTURES DOWN 0.11%, DOW FUTURES DOWN 0.18%, NASDAQ 100 FUTURES FLAT S&P 500 FUTURES FALL 0.1% IN EARLY TRADE; NASDAQ 100 FUTURES DOWN 0.1%"
25/4/2026,4:21:33,"S&P 500, Nasdaq close at records on tech lift, Iran peace talk hopes US STOCKS"
25/4/2026,4:04:21,"FOR THE WEEK, S&P 500 UP 0.55%, NASDAQ UP 1.5%, DOW DOWN 0.44%"
25/4/2026,4:04:21,"S&P 500, NASDAQ REGISTER FOURTH STRAIGHT WEEK OF GAINS; DOW SNAPS THREE-WEEK WINNING STREAK"
25/4/2026,4:02:35,"NASDAQ COMPOSITE UNOFFICIALLY CLOSES .IXIC UP 398.09 POINTS, OR 1.63%, TO 24,836.60"
25/4/2026,4:02:34,"DOW JONES INDUSTRIAL AVERAGE UNOFFICIALLY CLOSES .DJI DOWN 80.84 POINTS, OR 0.16%, TO 49,229.48"
25/4/2026,4:02:34,"S&P 500 UNOFFICIALLY CLOSES .SPX UP 56.52 POINTS, OR 0.80%, TO 7,164.92"
25/4/2026,4:00:44,"S&P 500, Nasdaq close at records on tech lift, Iran peace talk hopes US STOCKS"
25/4/2026,4:00:00,"DOW JONES .DJI UNOFFICIALLY CLOSES DOWN 54.98 POINTS, OR 0.11%, AT 49,255.34"
25/4/2026,2:25:09,"S&P 500, Nasdaq gain on tech boost, Iran peace talk hopes US STOCKS"
25/4/2026,0:31:43,"S&P 500, Nasdaq shrug off war gloom as Intel powers chip rally US STOCKS"
24/4/2026,22:04:34,"S&P 500 and Nasdaq rise on fresh hopes of US-Iran talks, Intel boost US STOCKS"
24/4/2026,21:32:53,"US STOCKS SNAPSHOT-S&P 500, Nasdaq open higher on fresh hopes of US-Iran talks"
24/4/2026,21:31:56,NASDAQ 100 HITS RECORD HIGH
24/4/2026,21:31:18,"DOW JONES INDUSTRIAL AVERAGE .DJI UP 49.13 POINTS, OR 0.10%, TO 49,359.45 AFTER MARKET OPEN"
24/4/2026,21:31:18,"S&P 500 .SPX UP 28.48 POINTS, OR 0.40%, TO 7,136.88 AFTER MARKET OPEN"
24/4/2026,21:31:18,"NASDAQ COMPOSITE .IXIC UP 178.06 POINTS, OR 0.73%, TO 24,616.56 AFTER MARKET OPEN"
24/4/2026,21:30:30,"DOW JONES .DJI UP 37.44 POINTS, OR 0.08 %, AT 49,347.76 AFTER MARKET OPEN"
24/4/2026,20:16:25,"S&P 500, Nasdaq set for firmer open on fresh hopes of US-Iran talks US STOCKS"
24/4/2026,19:27:39,U.S. STOCK INDEX FUTURES EXTEND GAINS
24/4/2026,19:27:38,"S&P 500 E-MINI FUTURES UP 0.6%, NASDAQ 100 FUTURES UP 1.5%, DOW FUTURES UP 0.1%"
24/4/2026,19:12:56,DOW FUTURES ERASE LOSSES TO TRADE FLAT
24/4/2026,19:11:19,"NASDAQ 100 FUTURES AND S&P 500 E- MINI FUTURES EXTEND GAINS, LAST UP 1.23% AND 0.34%, RESPECTIVELY"
24/4/2026,17:47:53,Wall Street futures mixed as US-Iran stalemate keeps investors on edge US STOCKS
24/4/2026,16:00:45,"US S&P 500 E-MINI FUTURES UP 0.14%, DOW FUTURES DOWN 0.13%, NASDAQ 100 FUTURES UP 0.65%"
24/4/2026,6:01:27,"NASDAQ E-MINI FUTURES UP 0.3% AS TRADING RESUMES Stocks close lower on fading hopes for quick Iran deal, mixed quarterly earnings US STOCKS"
24/4/2026,4:02:47,"NASDAQ COMPOSITE UNOFFICIALLY CLOSES .IXIC DOWN 219.06 POINTS, OR 0.89%, TO 24,438.50"
24/4/2026,4:02:46,"S&P 500 UNOFFICIALLY CLOSES .SPX DOWN 29.56 POINTS, OR 0.41%, TO 7,108.34"
24/4/2026,4:02:46,"DOW JONES INDUSTRIAL AVERAGE UNOFFICIALLY CLOSES .DJI DOWN 180.51 POINTS, OR 0.36%, TO 49,309.52"
24/4/2026,4:00:47,"Stocks close lower on fading hopes for quick Iran deal, mixed quarterly earnings US STOCKS"
24/4/2026,4:00:01,"DOW JONES .DJI UNOFFICIALLY CLOSES DOWN 172.07 POINTS, OR 0.35%, AT 49,317.96"
24/4/2026,2:50:25,"Stocks weaken on dimming hopes for Iran deal, mixed quarterly earnings US STOCKS"
24/4/2026,0:02:02,"Wall St muted as Middle East impasse, mixed earnings hurt sentiment US STOCKS"
23/4/2026,23:35:31,"S&P 500 HITS INTRADAY RECORD HIGH, LAST UP 0.13% (REPEATS TO WIDEN DISTRIBUTION) RPT"
23/4/2026,22:57:14,"S&P 500 AND DOW FLAT, NASDAQ FALLS 0.2%"
23/4/2026,22:16:48,"Wall St slips on Middle East impasse, mixed earnings US STOCKS"
23/4/2026,21:32:08,"US STOCKS SNAPSHOT-Wall St opens lower on Middle East impasse, mixed earnings"
23/4/2026,21:30:30,"DOW JONES .DJI DOWN 145.24 POINTS, OR 0.29 %, AT 49,344.79 AFTER MARKET OPEN"
23/4/2026,20:59:30,Wall St set to open lower in absence of clarity on Iran de-escalation; earnings mixed US STOCKS
23/4/2026,19:13:40,Wall St futures slip as investors pause for clarity on US-Iran war; earnings mixed US STOCKS
23/4/2026,17:22:56,Wall St futures slip as investors pause for clarity on US-Iran war US STOCKS
23/4/2026,16:00:49,"US S&P 500 E-MINI FUTURES DOWN 0.36%, DOW FUTURES FALL 0.50%, NASDAQ 100 FUTURES SLIP 0.31%"
23/4/2026,4:42:34,"S&P, Nasdaq close at records on Iran ceasefire extension, earnings US STOCKS"
23/4/2026,4:00:43,Wall Street rises on Iran ceasefire extension and solid earnings US STOCKS
23/4/2026,4:00:00,"NASDAQ .IXIC UNOFFICIALLY CLOSES UP 392.61 POINTS, OR 1.62 PERCENT, AT 24,652.58"
23/4/2026,4:00:00,"DOW JONES .DJI UNOFFICIALLY CLOSES UP 331.82 POINTS, OR 0.68 PERCENT, AT 49,481.20"
23/4/2026,4:00:00,"DOW JONES .DJI UNOFFICIALLY CLOSES UP 316.74 POINTS, OR 0.64%, AT 49,466.12"
23/4/2026,4:00:00,"S&P 500 .SPX UNOFFICIALLY CLOSES UP 73.69 POINTS, OR 1.04 PERCENT, AT 7,137.70"
23/4/2026,3:51:36,"U.S. STOCKS EXTEND GAINS, S&P 500 «SPX UP 1.00 PCT"
23/4/2026,2:57:19,Wall Street rises on Iran ceasefire extension and solid earnings US STOCKS
22/4/2026,22:23:04,Wall St gains after Iran ceasefire extension and robust earnings bring relief US STOCKS
22/4/2026,22:01:57,"U.S. STOCKS EXTEND GAINS, NASDAQ -IXIC UP 1.00%"
22/4/2026,22:01:57,"U.S. STOCKS EXTEND GAINS, NASDAQ -IXIC UP 1.00 PCT"
22/4/2026,21:32:35,US STOCKS SNAPSHOT-Wall Street opens higher on ceasefire extension relief
22/4/2026,21:30:30,"NASDAQ .IXIC UP 202.35 POINTS, OR 0.83 PERCENT, AT 24,462.31 AFTER MARKET OPEN"
22/4/2026,21:30:30,"DOW JONES .DJI UP 390.09 POINTS, OR 0.79 PERCENT, AT 49,539.47 AFTER MARKET OPEN"
22/4/2026,21:30:30,"S&P 500 .INX UP 51.85 POINTS, OR 0.73 PERCENT, AT 7,115.86 AFTER MARKET OPEN"
22/4/2026,21:30:30,"DOW JONES .DJI UP 390.09 POINTS, OR 0.79 %, AT 49,539.47 AFTER MARKET OPEN"
22/4/2026,20:56:56,Wall Street poised to open higher on ceasefire extension relief US STOCKS
22/4/2026,19:14:50,US stock index futures climb after Trump extends Iran truce US STOCKS
22/4/2026,16:59:01,US stock index futures climb after Trump extends Iran truce US STOCKS
22/4/2026,16:01:00,"US S&P 500 E-MINI FUTURES UP 0.61%, DOW FUTURES UP 0.57%, NASDAQ 100 FUTURES UP 0.80%"
22/4/2026,6:00:45,S&P 500 E-MINI FUTURES RESUME TRADING UP 0.4%; US INDEFINITELY EXTENDS CEASEFIRE WITH IRAN
22/4/2026,4:28:35,"S&P 500 E-MINI FUTURES EScvi PARE LOSSES, LAST DOWN 0.3%, AFTER TRUMP SAYS HE WILL EXTEND CEASEFIRE BETWEEN US AND IRAN"
22/4/2026,4:19:40,Wall Street falls as Middle East concerns offset earnings optimism US STOCKS
22/4/2026,4:00:37,"Wall Street falls as Middle East concerns offset earnings optimism US STOCKS S&P 500 .SPX UNOFFICIALLY CLOSES DOWN 43.33 POINTS, OR 0.61 PERCENT, AT 7,065.81"
22/4/2026,4:00:00,"DOW JONES .DJI UNOFFICIALLY CLOSES DOWN 283.79 POINTS, OR 0.57%, AT 49,158.77"
22/4/2026,4:00:00,"DOW JONES .DJI UNOFFICIALLY CLOSES DOWN 282.44 POINTS, OR 0.57 PERCENT, AT 49,160.12"
22/4/2026,4:00:00,"NASDAQ .IXIC UNOFFICIALLY CLOSES DOWN 153.60 POINTS, OR 0.63 PERCENT, AT 24,250.79"
22/4/2026,2:51:23,Wall Street dips as Middle East concerns dent earnings optimism US STOCKS
22/4/2026,0:23:30,Wall Street's rally fades as Middle East angst overshadows earnings optimism US STOCKS
21/4/2026,23:02:51,"S&P 500 DOWN 0.2%, DOW JONES DOWN 0.1%, NASDAQ COMPOSITE FALLS 0.2%"
21/4/2026,23:02:16,US STOCK INDEXES TURN NEGATIVE; FED CHAIR NOMINEE KEVIN WARSH'S CONFIRMATION HEARING UNDERWAY
21/4/2026,22:49:17,"US S&P 500 UP 0.1%, DOW JONES UP 0.29%, NASDAQ COMPOSITE UP 0.22%"
21/4/2026,22:11:49,"Wall St gains as AI, earnings momentum outweigh Middle East angst US STOCKS"
21/4/2026,21:33:16,"US STOCKS SNAPSHOT-Wall Street opens higher as AI optimism, earnings counter Middle East concerns"
21/4/2026,21:30:30,"NASDAQ .IXIC UP 70.65 POINTS, OR 0.29 PERCENT, AT 24,475.04 AFTER MARKET OPEN"
21/4/2026,21:30:30,"DOW JONES .DJI UP 297.23 POINTS, OR 0.60 PERCENT, AT 49,739.79 AFTER MARKET OPEN"
21/4/2026,21:30:30,"S&P 500 .INX UP 17.65 POINTS, OR 0.25 PERCENT, AT 7,126.79 AFTER MARKET OPEN"
21/4/2026,21:30:30,"DOW JONES .DJI UP 297.23 POINTS, OR 0.60 %, AT 49,739.79 AFTER MARKET OPEN"
21/4/2026,20:55:20,"Wall St set to open higher as AI optimism, earnings counter Middle East concerns US STOCKS"
21/4/2026,20:35:15,U.S. STOCK INDEX FUTURES LITTLE CHANGED AFTER MARCH RETAIL SALES DATA
21/4/2026,19:06:52,"US stock futures climb as AI optimism, earnings counter Middle East concerns US STOCKS"
21/4/2026,17:21:39,US stock futures climb as AI optimism tempers Middle East concerns US STOCKS
21/4/2026,16:00:39,"US S&P 500 E-MINI FUTURES UP 0.15%, DOW FUTURES UP 0.16%, NASDAQ 100 FUTURES UP 0.24%"
21/4/2026,4:17:49,"Wall Street closes slightly down on renewed tensions between US, Iran US STOCKS"
21/4/2026,4:00:35,"Wall Street closes slightly down on renewed tensions between US, Iran US STOCKS"
21/4/2026,4:00:00,"S&P 500 .SPX UNOFFICIALLY CLOSES DOWN 16.91 POINTS, OR 0.24 PERCENT, AT 7,109.15"
21/4/2026,4:00:00,"DOW JONES .DJI UNOFFICIALLY CLOSES DOWN 8.71 POINTS, OR 0.02 PERCENT, AT 49,438.72"
21/4/2026,4:00:00,"DOW JONES .DJI UNOFFICIALLY CLOSES DOWN 30.58 POINTS, OR 0.06%, AT 49,416.85"
21/4/2026,4:00:00,"NASDAQ .IXIC UNOFFICIALLY CLOSES DOWN 72.28 POINTS, OR 0.30 PERCENT, AT 24,396.20"
21/4/2026,2:41:07,Wall St dips after rally as US-Iran tensions gauged US STOCKS
21/4/2026,0:09:17,Wall St retreats after rally as rising US- Iran tensions hurt risk appetite US STOCKS
20/4/2026,23:07:25,"U.S. STOCKS EXTEND FALL, NASDAQ -IXIC DOWN 1.00%"
20/4/2026,23:07:25,"U.S. STOCKS EXTEND FALL, NASDAQ -IXIC DOWN 1.00 PCT"
20/4/2026,22:24:26,"S&P 500, Nasdaq retreat as mounting U.S.-Iran tensions dampen sentiment US STOCKS"
20/4/2026,21:32:31,US STOCKS SNAPSHOT-Wall St opens muted as US-Iran tensions escalate
20/4/2026,21:30:30,"NASDAQ .IXIC DOWN 61.55 POINTS, OR 0.25 PERCENT, AT 24,406.94 AFTER MARKET OPEN"
20/4/2026,21:30:30,"S&P 500 .INX DOWN 13.44 POINTS, OR 0.19 PERCENT, AT 7,112.62 AFTER MARKET OPEN"
20/4/2026,21:30:30,"DOW JONES .DJI DOWN 50.16 POINTS, OR 0.10 %, AT 49,397.27 AFTER MARKET OPEN"
20/4/2026,21:30:30,"DOW JONES .DJI DOWN 50.16 POINTS, OR 0.10 PERCENT, AT 49,397.27 AFTER MARKET OPEN"
20/4/2026,20:45:13,Wall Street set for lower open as U.S.- Iran tensions rise US STOCKS
20/4/2026,19:34:59,US stock futures fall after rally as Mideast tensions flare US STOCKS
20/4/2026,17:51:10,US stock futures fall after rally as Mideast tensions flare US STOCKS
20/4/2026,16:20:14,"CBOE VOLATILITY INDEX GAINS AFTER EIGHT SESSIONS OF DECLINES, LAST UP 2.43 POINTS AT 19.91, A ONE-WEEK HIGH"
20/4/2026,16:19:54,RUSSELL 2000 FUTURES DOWN 1%
20/4/2026,16:00:24,"U.S. S&P 500 E-MINI FUTURES, NASDAQ 100 FUTURES DOWN 0.6% EACH, DOW FUTURES DOWN 0.7% S&P 500 FUTURES FALL 0.9% IN EARLY TRADE; NASDAQ 100 FUTURES DOWN ALMOST 1% e-SSSx HA WS AALS 27} Jt OPASERAY BASIE AA} At 4 x DAS 71/SRCf"
18/4/2026,5:06:27,"RASA -LA Ris TRP LAR-E A BREA, FRR TK, Gs RAL"
18/4/2026,5:06:27,"REEL MFP LUE RARE REAL, Aine BER, eRe AALS"
18/4/2026,4:50:08,BOLSA EUA-Os indices de Wall Street atingiram recordes histéricos com a queda do petrdleo apos a declaracgdo de abertura do Estreito de Ormuz.
18/4/2026,4:50:04,TITOLI USA-Gli indici di Wall Street toccano i massimi storici mentre il petrolio scende con lo Stretto di Hormuz dichiarato aperto
18/4/2026,4:50:04,KES AIL ARIES CHUB tk MEARS
18/4/2026,4:49:48,"STOCKS AMERICAINS-Les indices de Wall Street atteignent des niveaux record, le pétrole chute et le détroit d'Ormuz est déclaré ouvert"
18/4/2026,4:49:42,ACCIONES ESTADOUNIDENSES-Los indices de Wall Street alcanzan maximos historicos y el petrdleo cae al declararse abierto el estrecho de Ormuz Wall Street indexes hit record highs as oil falls with Strait of Hormuz declared open US STOCKS
18/4/2026,4:01:06,"UNOFFICIALLY, FOR THE WEEK, THE S&P 500 GAINED 4.53%, THE NASDAQ ROSE 6.84%, AND THE DOW CLIMBED 3.2%"
18/4/2026,4:01:06,"NASDAQ POSTS 13 CONSECUTIVE DAILY GAINS, LONGEST WINNING STREAK SINCE JANUARY 1992"
18/4/2026,4:00:43,Wall Street indexes rally as oil falls with Strait of Hormuz opening US STOCKS
18/4/2026,4:00:00,"S&P 500 .SPX UNOFFICIALLY CLOSES UP 85.15 POINTS, OR 1.21 PERCENT, AT 7,126.43"
18/4/2026,4:00:00,"NASDAQ .IXIC UNOFFICIALLY CLOSES UP 364.70 POINTS, OR 1.51 PERCENT, AT 24,467.40"
18/4/2026,4:00:00,"DOW JONES .DJI UNOFFICIALLY CLOSES UP 867.46 POINTS, OR 1.79 PERCENT, AT 49,446.18"
18/4/2026,4:00:00,"DOW JONES .DJI UNOFFICIALLY CLOSES UP 867.05 POINTS, OR 1.78%, AT 49,445.77"
18/4/2026,3:24:06,Wall Street indexes rally after Iran says Strait of Hormuz ‘completely open' CORRECTED US STOCKS
18/4/2026,3:22:47,Wall Street indexes rally after Iran says Strait of Hormuz ‘completely open' CORRECTED US STOCKS
17/4/2026,22:33:15,"U.S. STOCKS EXTEND GAINS, DOW JONES .DJI UP 2.00 PCT"
17/4/2026,22:22:39,Wall Street indexes rally after Iran says Strait of Hormuz ‘completely open' US STOCKS
17/4/2026,22:01:51,"U.S. STOCKS EXTEND GAINS, S&P 500 «SPX UP 1.00 PCT"
17/4/2026,21:32:49,US STOCKS SNAPSHOT-Wall St climbs at open after Iran says Strait of Hormuz open
17/4/2026,21:31:19,"U.S. STOCKS EXTEND GAINS, NASDAQ -IXIC UP 1.00 PCT"
17/4/2026,21:30:30,"U.S. STOCKS EXTEND GAINS, DOW JONES .DJI UP 1.04%"
17/4/2026,21:30:30,"NASDAQ .IXIC UP 227.30 POINTS, OR 0.94 PERCENT, AT 24,330.01 AFTER MARKET OPEN"
17/4/2026,21:30:30,"S&P 500 .INX UP 45.49 POINTS, OR 0.65 %, AT 7,086.77 AFTER MARKET OPEN"
17/4/2026,21:30:30,"S&P 500 .INX UP 45.49 POINTS, OR 0.65 PERCENT, AT 7,086.77 AFTER MARKET OPEN"
17/4/2026,21:30:30,"DOW JONES .DJI UP 503.29 POINTS, OR 1.04 PERCENT, AT 49,082.01 AFTER MARKET OPEN"
17/4/2026,21:30:21,RUSSELL 2000 INDEX HITS FIRST INTRADAY RECORD HIGH SINCE U.S.- IRAN WAR BEGAN
17/4/2026,21:21:22,Wall Street poised for strong open after Iran says Strait of Hormuz open during ceasefire US STOCKS
17/4/2026,21:13:09,CBOE VOLATILITY INDEX TOUCHES OVER TWO-MONTH LOW; LAST DOWN 0.79 POINTS AT 17.15
17/4/2026,20:59:17,Wall St poised to open higher on Middle East peace hopes US STOCKS
17/4/2026,20:55:25,U.S. FUTURES EXTEND GAINS AFTER IRAN FOREIGN MINISTER SAYS STRAIT OF HORMUZ COMPLETELY OPEN FOR REMAINING PERIOD OF CEASEFIRE
17/4/2026,20:55:25,"U.S. S&P 500 E-MINI FUTURES UP 0.8%, NASDAQ FUTURES UP 0.9%, DOW FUTURES UP 1.1%"
17/4/2026,19:15:07,Wall St poised for weekly gain as futures climb on Middle East peace hopes US STOCKS
17/4/2026,17:41:17,Wall St futures climb on Middle East peace hopes as investors eye strong finish to week US STOCKS
17/4/2026,16:00:49,"US S&P 500 E-MINI FUTURES UP 0.13%, DOW FUTURES UP 0.29%, NASDAQ 100 FUTURES FLAT"
17/4/2026,4:41:29,"S&P 500, Nasdaq edge up to new records with Middle East hopes in focus US STOCKS"
17/4/2026,4:02:59,NASDAQ MARKS 12TH CONSECUTIVE DAILY GAIN FOR LONGEST WINNING STREAK SINCE JULY 2009
17/4/2026,4:02:28,"S&P 500, NASDAQ BOTH REGISTER SECOND CLOSING RECORDS IN A ROW S&P 500, Nasdaq edge up to new records with Middle East hopes in focus US STOCKS"
17/4/2026,4:00:01,"DOW JONES .DJI UNOFFICIALLY CLOSES UP 110.12 POINTS, OR 0.23%, AT 48,573.84"
17/4/2026,4:00:00,"DOW JONES .DJI UNOFFICIALLY CLOSES UP 117.07 POINTS, OR 0.24 PERCENT, AT 48,580.79"
17/4/2026,4:00:00,"S&P 500 .SPX UNOFFICIALLY CLOSES UP 18.02 POINTS, OR 0.26 PERCENT, AT 7,040.97"
17/4/2026,2:57:48,"S&P 500, Nasdaq edge up from records with Middle East hopes, corporate earnings in focus US STOCKS"
17/4/2026,0:15:13,"S&P 500, Nasdaq hit intraday records as Mideast hopes lift sentiment US STOCKS"
17/4/2026,0:13:53,"S&P 500 UP 0.4%, DOW UP 0.2%, NASDAQ UP 0.5%"
16/4/2026,22:38:34,"S&P 500, Nasdaq retreat as rally momentum begins to fade US STOCKS"
16/4/2026,22:08:43,"NASDAQ .IXIC RETREATS AFTER HITTING INTRADAY RECORD HIGH, LAST DOWN 0.2%"
16/4/2026,21:31:49,"US STOCKS SNAPSHOT-Wall Street indexes open higher as Mideast diplomacy hopes, earnings lift sentiment"
16/4/2026,21:30:30,"NASDAQ .IXIC UP 32.67 POINTS, OR 0.14 PERCENT, AT 24,048.68 AFTER MARKET OPEN"
16/4/2026,21:30:30,"S&P 500 .INX UP 9.61 POINTS, OR 0.14 PERCENT, AT 7,032.56 AFTER MARKET OPEN"
16/4/2026,21:30:30,"DOW JONES .DJI UP 107.94 POINTS, OR 0.22 PERCENT, AT 48,571.66 AFTER MARKET OPEN"
16/4/2026,21:30:30,"DOW JONES .DJI UP 107.94 POINTS, OR 0.22 %, AT 48,571.66 AFTER MARKET OPEN"
16/4/2026,21:02:29,"Wall St indexes set to open higher as Mideast diplomacy hopes, earnings lift sentiment US STOCKS"
16/4/2026,19:16:17,"Wall St futures edge higher on Mideast diplomacy hopes, strong earnings US STOCKS"
16/4/2026,17:20:27,"Wall St futures edge higher on Mideast diplomacy hopes, strong earnings US STOCKS"
16/4/2026,16:00:51,"US S&P 500 E-MINI FUTURES UP 0.15%, DOW FUTURES FLAT, NASDAQ 100 FUTURES UP 0.35%"
16/4/2026,5:10:59,"S&P 500, Nasdaq push to closing records on optimism around Middle East talks, earnings Us STOCKS"
16/4/2026,4:01:30,S&P 500 POSTS RECORD CLOSING HIGH FOR FIRST TIME SINCE JANUARY 27
16/4/2026,4:01:22,NASDAQ REGISTERS RECORD CLOSING HIGH FOR THE FIRST TIME SINCE OCTOBER 29
16/4/2026,4:00:42,"S&P 500, Nasdaq push to closing records on earnings and Middle East optimism US STOCKS"
16/4/2026,4:00:00,"NASDAQ .IXIC UNOFFICIALLY CLOSES UP 382.47 POINTS, OR 1.62 PERCENT, AT 24,021.55"
16/4/2026,4:00:00,"S&P 500 .SPX UNOFFICIALLY CLOSES UP 55.84 POINTS, OR 0.80 PERCENT, AT 7,023.22 DOW JONES .DJI UNOFFICIALLY CLOSES DOWN 66.63 POINTS, OR 0.14 PERCENT, AT 48,469.36"
16/4/2026,3:58:28,"NASDAQ HITS RECORD INTRADAY HIGH, FIRST TIME SINCE OCTOBER"
16/4/2026,3:02:44,"S&P 500, Nasdaq advance on earnings and Middle East optimism US STOCKS"
16/4/2026,1:36:42,S&P 500 HITS FIRST INTRADAY RECORD HIGH SINCE US-IRAN WAR BEGAN
16/4/2026,0:24:14,S&P 500 CROSSES ABOVE 7000 POINTS
16/4/2026,0:18:42,"S&P 500, Nasdaq extend rally as investors weigh earnings, Mideast de-escalation signals US STOCKS"
15/4/2026,23:16:19,"U.S. STOCKS EXTEND GAINS, NASDAQ -IXIC UP 1.00% U.S. STOCKS EXTEND GAINS, NASDAQ -IXIC UP 1.00 PCT"
15/4/2026,22:31:48,"S&P 500, Nasdaq rise as focus shifts to earnings US STOCKS"
15/4/2026,21:32:31,US STOCKS SNAPSHOT-Wall Street opens higher with earnings in focus
15/4/2026,21:30:30,"NASDAQ .IXIC UP 42.01 POINTS, OR 0.18 PERCENT, AT 23,681.10 AFTER MARKET OPEN"
15/4/2026,21:30:30,"S&P 500 .INX UP 10.79 POINTS, OR 0.15 PERCENT, AT 6,978.17 AFTER MARKET OPEN"
15/4/2026,21:30:30,"DOW JONES .DJI UP 143.21 POINTS, OR 0.30 PERCENT, AT 48,679.20 AFTER MARKET OPEN"
15/4/2026,21:30:30,"DOW JONES .DJI UP 143.21 POINTS, OR 0.30 %, AT 48,679.20 AFTER MARKET OPEN"
15/4/2026,20:51:35,Wall St indexes set for breather after rally as focus shifts to earnings US STOCKS
15/4/2026,19:34:57,Wall Street futures hold steady with earnings in focus US STOCKS
15/4/2026,18:31:19,"S&P 500 E-MINI FUTURES DOWN 0.12%, NASDAQ 100 FUTURES DOWN 0.14%, DOW FUTURES DOWN 0.13%"
15/4/2026,17:23:10,Wall Street futures hold steady; earnings in focus US STOCKS
15/4/2026,16:00:44,"US STOCK INDEX FUTURES FLAT Wall Street rallies on renewed hopes for US-Iran talks, earnings boost US STOCKS"
15/4/2026,4:04:55,"Wall Street rallies on renewed hopes for US-Iran talks, earnings boost REFILE US STOCKS"
15/4/2026,4:00:00,"DOW JONES .DJI UNOFFICIALLY CLOSES UP 323.31 POINTS, OR 0.67%, AT 48,541.56"
15/4/2026,4:00:00,"DOW JONES .DJI UNOFFICIALLY CLOSES UP 327.93 POINTS, OR 0.68 PERCENT, AT 48,546.18"
15/4/2026,4:00:00,"S&P 500 .SPX UNOFFICIALLY CLOSES UP 79.84 POINTS, OR 1.16 PERCENT, AT 6,966.08"
15/4/2026,4:00:00,"NASDAQ .IXIC UNOFFICIALLY CLOSES UP 442.57 POINTS, OR 1.91 PERCENT, AT 23,626.31"
15/4/2026,3:07:23,"Wall Street rallies on renewed hopes for US-Iran talks, earnings boost US STOCKS"
15/4/2026,0:02:39,SEBS a ASSP SER HUAY ee lel LR
15/4/2026,0:02:39,SERRE RGAE SPE RRA oF AlieieM_CoK
15/4/2026,0:02:39,BOLSA EUA-Wall Street sobe com esperancas de retomada das negociacdes EUA-Ira e aumento dos lucros
15/4/2026,0:02:18,TITOLI USA-Wall St sale sulle speranze di un rinnovo dei colloqui tra Stati Uniti e Iran e sull'aumento degli utili
15/4/2026,0:02:15,"O|> FA|-QAS AE, O|-0]z SE AA ot SA AHO Chet S|YOoe Bel"
15/4/2026,0:02:03,ACCIONES ESTADOUNIDENSES-Wall St sube gracias a la esperanza de que se reanuden las conversaciones entre EE.UU. e Iran y a la mejora de los beneficios
15/4/2026,0:02:00,STOCKS AMERICAINS-Wall St reprend des couleurs grace a l'espoir d'une reprise des négociations entre les Etats-Unis et I'Iran et a la hausse des bénéfices
15/4/2026,0:01:55,SREMAS-7 4 ULE. OK 19 ES BAS OBA C 3S Ye: ak FAL EIS CES
15/4/2026,0:01:20,"Wall St rallies on hopes for renewed US- Iran talks, earnings boost US STOCKS"
14/4/2026,23:45:36,"U.S. STOCKS EXTEND GAINS, S&P 500 «SPX UP 1.00 PCT"
14/4/2026,22:41:07,"AVISO-Wall St se dispara ante la esperanza de una distension en Oriente Medio; los resultados, en el punto de mira"
14/4/2026,22:35:05,AVVISO-Wall St sale grazie alle speranze di una distensione in Medio Oriente; in primo piano gli utili
14/4/2026,22:28:20,AVISO-Wall Street sobe com esperancas de desescalada no Oriente Médio; resultados em foco
14/4/2026,22:18:56,"FERS Ress Sei, Bw"
14/4/2026,22:18:56,"FERS Rea AAA, SERB BK; Rae RR"
14/4/2026,22:18:47,STOCKS AMERICAINS-Wall St bondit sur l'espoir d'une désescalade au Proche- Orient les bénéfices en ligne de mire
14/4/2026,22:18:32,"SKE 7 + J, PERTBSEAL RAS CLA, R (ct"
14/4/2026,22:18:31,Oo] =A|-27} rr Z= otodt 7|At OS t 7| Cheol 8s. AY ES US-WERTPAPIERE-Wall St steigt aufgrund der Hoffnung auf eine Deeskalation im Nahen Osten; Gewinne im Fokus
14/4/2026,22:17:57,"Wall St jumps on Mideast de-escalation hopes; earnings in focus US STOCKS U.S. STOCKS EXTEND GAINS, NASDAQ -IXIC UP 1.00% U.S. STOCKS EXTEND GAINS, NASDAQ -IXIC UP 1.00 PCT US STOCKS SNAPSHOT-Wall St opens higher as Mideast de-escalation hopes lift sentiment"
14/4/2026,21:30:30,"NASDAQ .IXIC UP 161.69 POINTS, OR 0.70 PERCENT, AT 23,345.43 AFTER MARKET OPEN"
14/4/2026,21:30:30,"S&P 500 .INX UP 21.42 POINTS, OR 0.31 PERCENT, AT 6,907.66 AFTER MARKET OPEN"
14/4/2026,21:30:30,"DOW JONES .DJI UP 30.32 POINTS, OR 0.06 %, AT 48,248.57 AFTER MARKET OPEN"
14/4/2026,21:30:30,"DOW JONES .DJI UP 30.32 POINTS, OR 0.06 PERCENT, AT 48,248.57 AFTER MARKET OPEN"
14/4/2026,21:28:06,CBOE VOLATILITY INDEX FALLS 0.88 POINTS AT 18.24
14/4/2026,21:02:52,"TITOLI USA-Gli indici di Wall Street erano in procinto di aprire in rialzo grazie alle speranze di una distensione nel Medio Oriente, con gli utili in primo piano"
14/4/2026,21:02:37,"RES 7 + SO RRMHBBUS. ARR TERA ORD LAL CHES. Oo] FAl-W7} AI 1,eoots 7|Xt ett 7| Ch Hols ote A Zubr 218 2a eS"
14/4/2026,21:02:25,"SHE HRS Bei, Ba PHBScE eS, APRA RAE RRA"
14/4/2026,21:02:25,"FERS HReAsBeA, SRE Fees, MIRAE RA"
14/4/2026,21:02:19,ACCIONES ESTADOUNIDENSES-Los indices de Wall Street abriran al alza gracias a las esperanzas de distension en Oriente Medio y con los resultados en el punto de mira
14/4/2026,21:02:15,"STOCKS AMERICAINS-Les indices de Wall Street devraient ouvrir a la hausse sur l'espoir d'une désescalade au Proche- Orient, les bénéfices en ligne de mire"
14/4/2026,21:01:34,"Wall St indexes set to open higher on Mideast de-escalation hopes, earnings in focus US STOCKS"
14/4/2026,19:55:43,BOLSA EUA-Os futuros do S&P 500 e do Nasdaq sobem com as esperancas de desescalada no Oriente Médio e com os resultados corporativos em foco.
14/4/2026,19:55:40,"O|S FAL-SaP 500, AS MB, SS 2 yest 7A $s, HA FS"
14/4/2026,19:55:21,"STOCKS AMERICAINS-Le S&P 500 et le Nasdaq progressent sur fond d'espoir de désescalade au Proche-Orient, mais les résultats sont au rendez-vous"
14/4/2026,19:55:19,"SHE HRS Bei, Hes 500 FSSIMETE BAIA ik, Ase Bae ah"
14/4/2026,19:55:19,"FERS HRaAR BAA, te 500 FRSA ATER Fak, MRA"
14/4/2026,19:55:17,"TITOLI USA-I futures dell'S&P 500 e del Nasdaq salgono grazie alle speranze di una distensione nel Medio Oriente, con gli utili in primo piano"
14/4/2026,19:55:14,HREWA- S&P 500. tA Y 75H Ic HER SSAAe FORA CLA RBICEE
14/4/2026,19:55:10,ACCIONES ESTADOUNIDENSES-Los futuros del S&P 500 y el Nasdaq suben gracias a las esperanzas de distensién en Oriente Proximo y a la atencién prestada a los resultados
14/4/2026,19:54:30,"S&P 500, Nasdaq futures rise on Mideast de-escalation hopes, earnings in focus US STOCKS"
14/4/2026,17:07:19,"US stock futures climb as traders cling to de-escalation hopes, await earnings US STOCKS"
14/4/2026,16:06:26,"US S&P 500 E-MINI FUTURES UP 0.17%, DOW FUTURES UP 0.12%, NASDAQ 100 FUTURES UP 0.32%"
14/4/2026,5:10:20,Wall Street indexes gain as investors hold out hope for US-Iran resolution REFILE US STOCKS
14/4/2026,4:00:36,Wall Street indexes gain as investors hold out hope for US-Iran resolution US STOCKS
14/4/2026,4:00:32,"S&P 500 .SPX UNOFFICIALLY CLOSES UP 69.17 POINTS, OR 1.01 PERCENT, AT 6,886.06"
14/4/2026,4:00:00,"DOW JONES .DJI UNOFFICIALLY CLOSES UP 278.78 POINTS, OR 0.58 PERCENT, AT 48,195.35"
14/4/2026,4:00:00,"NASDAQ .IXIC UNOFFICIALLY CLOSES UP 277.11 POINTS, OR 1.21 PERCENT, AT 23,180.00"
14/4/2026,4:00:00,"DOW JONES .DJI UNOFFICIALLY CLOSES UP 283.01 POINTS, OR 0.59%, AT 48,199.58"
14/4/2026,3:55:44,"U.S. STOCKS EXTEND GAINS, S&P 500 «SPX UP 1.00 PCT"
14/4/2026,3:50:03,"U.S. STOCKS EXTEND GAINS, NASDAQ -IXIC UP 1.00% U.S. STOCKS EXTEND GAINS, NASDAQ -IXIC UP 1.00 PCT"
14/4/2026,2:54:23,Wall Street indexes gain as investors hold out hope for US-Iran resolution US STOCKS
14/4/2026,1:06:39,"S&P 500 UP 0.5%, DOW UP 0.04%, NASDAQ UP 0.7%"
14/4/2026,0:23:37,Wall St indexes mixed as US-Iran concerns clash with bargain-hunting US STOCKS
13/4/2026,22:14:19,Wall St indexes fall after failed US-Iran peace talks unsettle investors US STOCKS
13/4/2026,22:04:52,"NASDAQ REVERSES COURSE, LAST UP 0.2%"
13/4/2026,21:34:27,US STOCKS SNAPSHOT-Wall St subdued at open as failed US-Iran talks unsettle investors
13/4/2026,21:30:30,"NASDAQ .IXIC DOWN 52.13 POINTS, OR 0.23 PERCENT, AT 22,850.77 AFTER MARKET OPEN"
13/4/2026,21:30:30,"DOW JONES .DJI DOWN 232.37 POINTS, OR 0.48 PERCENT, AT 47,684.20 AFTER MARKET OPEN"
13/4/2026,21:30:30,"S&P 500 .INX DOWN 14.23 POINTS, OR 0.21 PERCENT, AT 6,802.66 AFTER MARKET OPEN"
13/4/2026,21:30:30,"DOW JONES .DJI DOWN 232.37 POINTS, OR 0.48 %, AT 47,684.20 AFTER MARKET OPEN"
13/4/2026,20:50:35,Wall St set for subdued open as failed US- Iran peace talks fuel investor angst US STOCKS
13/4/2026,20:01:51,"U.S. S&P 500 E-MINI FUTURES AND NASDAQ 100 FUTURES DOWN 0.7% EACH, DOW FUTURES DOWN 1%"
13/4/2026,20:01:50,U.S. STOCK INDEX FUTURES EXTEND LOSSES
13/4/2026,19:27:09,Wall St futures slip as failed US-Iran peace talks fuel investor angst US STOCKS
13/4/2026,17:52:08,CBOE VOLATILITY INDEX RISES 2.01 POINTS AT 21.24
13/4/2026,17:20:33,Wall Street futures drop after US-Iran peace talks fail US STOCKS
13/4/2026,16:00:57,"US S&P 500 E-MINI FUTURES DOWN 0.6%, DOW FUTURES SLIP 0.5%, NASDAQ 100 FUTURES DROP 0.7% TRADING AFTER US-IRAN PEACE TALKS FAIL"
